id,first_name,last_name,email,phone,birth_date,membership
1,Lyndsay,Sancho,lsancho0@dot.gov,238-559-5731,1963-01-09,S
2,Joelly,Mahaddie,jmahaddie1@cnn.com,242-604-1039,1993-12-02,G
3,Susanetta,Wollrauch,swollrauch2@altervista.org,303-645-8242,2002-01-29,B
4,Yulma,Spurriar,yspurriar3@engadget.com,148-212-7254,1991-08-24,B
5,Kinsley,De Hailes,kdehailes4@4shared.com,209-723-5409,1992-01-09,S
6,Aila,Rothman,arothman5@yelp.com,232-922-4362,1984-10-07,B
7,Stephi,Gatchel,sgatchel6@sohu.com,129-932-9532,2004-06-09,S
8,Karon,Dincke,kdincke7@tuttocitta.it,838-315-0286,1988-01-03,S
9,Jamison,Bispham,jbispham8@icq.com,904-869-4872,1999-05-16,B
10,Melissa,Doige,mdoige9@wordpress.org,573-212-7466,1991-06-08,S
11,Karel,Tyhurst,ktyhursta@si.edu,865-321-4194,1990-01-22,B
12,Anatollo,Lyosik,alyosikb@squidoo.com,309-811-3489,2001-04-20,G
13,Francoise,Towhey,ftowheyc@yellowbook.com,296-807-3897,1992-11-17,S
14,Aretha,Freen,afreend@qq.com,805-699-2738,1977-01-29,B
15,Adina,Grundey,agrundeye@princeton.edu,352-226-2350,2006-07-28,G
16,Arman,Scholig,ascholigf@washington.edu,355-223-7793,1993-02-15,B
17,Ingmar,Willets,iwilletsg@youtube.com,641-870-5905,1964-08-08,S
18,Ximenez,McRamsey,xmcramseyh@linkedin.com,178-950-1098,1968-08-11,B
19,Dimitri,Tremayle,dtremaylei@dot.gov,689-558-4530,1968-03-09,G
20,Ilene,Niblo,inibloj@infoseek.co.jp,210-382-5435,1983-02-07,B
21,Joelynn,Woodstock,jwoodstockk@dailymotion.com,750-468-3776,1975-12-28,S
22,Kimmi,Bradane,kbradanel@abc.net.au,401-631-3712,1989-08-05,S
23,Glenden,Plester,gplesterm@nifty.com,382-301-4353,1966-01-14,G
24,Cary,Hellwich,chellwichn@sbwire.com,970-833-8788,1994-03-05,B
25,Charmaine,Greenhalf,cgreenhalfo@forbes.com,130-239-1458,1982-09-21,S
26,Clair,Dysert,cdysertp@indiatimes.com,458-152-7331,1997-02-04,S
27,Clarabelle,Toombes,ctoombesq@paypal.com,287-708-9046,1973-06-19,S
28,Janice,Kinner,jkinnerr@ask.com,586-907-6916,2001-03-17,G
29,Janessa,Wiburn,jwiburns@nydailynews.com,315-115-9649,1993-12-10,S
30,Melantha,Elmer,melmert@myspace.com,400-449-3216,1961-07-07,S
31,Caddric,Cauldfield,ccauldfieldu@sfgate.com,875-743-1060,1961-12-25,G
32,Hunter,Louth,hlouthv@icio.us,333-439-6029,1968-07-06,B
33,Stormie,Alesio,salesiow@ed.gov,634-655-7734,1965-11-05,S
34,Walliw,Bewshea,wbewsheax@usda.gov,840-240-9521,1991-09-05,S
35,Gabriello,Malimoe,gmalimoey@wix.com,831-362-5797,1975-10-04,S
36,Alphard,Leavens,aleavensz@ning.com,632-138-2291,1965-03-22,S
37,Florella,Matejovsky,fmatejovsky10@themeforest.net,608-665-8435,2004-08-06,B
38,Krystalle,Resun,kresun11@china.com.cn,356-729-8238,1975-06-23,S
39,Guillaume,Tilne,gtilne12@latimes.com,244-413-4460,1991-07-05,G
40,Irwinn,Jickells,ijickells13@mapy.cz,850-406-4782,1975-11-13,G
41,Jazmin,Barbie,jbarbie14@reuters.com,699-357-8100,1983-05-13,G
42,Natalina,D'Adda,ndadda15@trellian.com,104-999-5390,1990-09-28,S
43,Inglebert,Auden,iauden16@friendfeed.com,476-984-9459,1994-07-28,S
44,Paddy,Thrush,pthrush17@icq.com,703-905-9803,1998-11-23,B
45,Rodolph,Charon,rcharon18@ted.com,623-307-3106,1962-01-23,G
46,Coralie,Haddock,chaddock19@amazon.co.uk,513-720-8642,2003-01-19,B
47,Rutger,Carverhill,rcarverhill1a@php.net,983-610-3021,1994-08-02,G
48,Legra,O'Mohun,lomohun1b@imageshack.us,366-237-2250,1985-10-02,G
49,Stuart,Murtagh,smurtagh1c@pinterest.com,175-442-6178,1995-05-12,S
50,Leontine,Elvins,lelvins1d@mayoclinic.com,500-132-2447,2003-09-17,G
51,Adi,Tiler,atiler1e@sogou.com,110-389-5632,1976-05-25,S
52,Pauly,Henzley,phenzley1f@ihg.com,415-774-4765,1978-07-26,S
53,Ivie,Mico,imico1g@youtu.be,712-893-9149,1993-05-23,S
54,Adelaide,Hanburry,ahanburry1h@epa.gov,173-969-3199,2005-04-14,B
55,Andrey,Gershom,agershom1i@nsw.gov.au,642-721-6149,1972-10-03,G
56,Selinda,Gavrielly,sgavrielly1j@harvard.edu,374-253-7488,1966-07-12,B
57,Mable,Sallowaye,msallowaye1k@biblegateway.com,262-265-2694,1991-11-08,B
58,Arthur,Trickett,atrickett1l@hud.gov,797-550-8534,1996-11-20,G
59,Gerald,Franceschelli,gfranceschelli1m@moonfruit.com,545-660-9706,1970-03-02,S
60,Leola,Millhouse,lmillhouse1n@reuters.com,940-515-9433,2001-07-11,B
61,Hirsch,Bentall,hbentall1o@netscape.com,446-104-8526,1999-03-01,S
62,Roland,Sprowson,rsprowson1p@dmoz.org,978-361-5194,1979-10-29,B
63,Ashia,Pottie,apottie1q@webeden.co.uk,368-697-0807,2002-03-01,G
64,Horten,Spencook,hspencook1r@wikipedia.org,226-470-8334,1980-09-03,S
65,Frans,Abelwhite,fabelwhite1s@google.com.br,146-585-7487,1989-01-28,B
66,Van,Horsted,vhorsted1t@wisc.edu,235-377-4219,1962-11-29,S
67,Pippa,Tomaskunas,ptomaskunas1u@pbs.org,658-930-0430,2001-05-10,S
68,Kinny,Earthfield,kearthfield1v@salon.com,688-573-5849,1984-10-16,B
69,Gerty,Duferie,gduferie1w@kickstarter.com,674-924-0855,1999-09-29,B
70,Collen,McDuffie,cmcduffie1x@freewebs.com,865-786-2043,1988-03-03,S
71,Sonnnie,Polk,spolk1y@berkeley.edu,344-593-8943,1999-11-08,G
72,Kristine,Allsworth,kallsworth1z@amazon.de,406-810-6094,1965-12-02,B
73,Petrina,Kippling,pkippling20@example.com,813-822-7351,1976-11-29,S
74,Brooks,Trebble,btrebble21@eventbrite.com,963-229-1861,1999-06-26,S
75,Thomasa,Geard,tgeard22@ucsd.edu,772-351-6519,2003-09-09,G
76,Tammi,Wigginton,twigginton23@usgs.gov,816-371-3823,1964-08-24,G
77,Thain,Mordan,tmordan24@issuu.com,186-371-3246,1975-02-09,S
78,Loren,Drysdall,ldrysdall25@apache.org,471-353-6718,1998-01-26,S
79,Hadrian,Meiklejohn,hmeiklejohn26@sitemeter.com,823-946-2841,1996-06-02,G
80,Morgan,Camsey,mcamsey27@google.it,219-451-6792,1992-05-27,G
81,Alfonse,Cardenas,acardenas28@indiatimes.com,671-805-5550,1996-04-27,S
82,Hashim,Bruford,hbruford29@ow.ly,522-246-7853,1993-11-29,G
83,Barbara,Suthren,bsuthren2a@auda.org.au,431-643-9870,1987-05-11,S
84,Corinna,Weaver,cweaver2b@feedburner.com,465-174-4159,1982-06-21,S
85,Dore,Quincey,dquincey2c@macromedia.com,212-430-0537,2001-01-16,S
86,Nada,Domb,ndomb2d@uiuc.edu,645-428-1230,1979-07-22,B
87,Tamqrah,Shepeard,tshepeard2e@china.com.cn,507-427-4155,1988-08-09,B
88,Baudoin,Kermode,bkermode2f@omniture.com,854-505-4725,1990-07-26,B
89,Clarine,Thying,cthying2g@miitbeian.gov.cn,488-598-3954,1984-11-05,B
90,Brennen,Wedlake,bwedlake2h@usa.gov,255-299-5356,1974-10-26,S
91,Angelina,Drover,adrover2i@imgur.com,952-483-2467,2000-06-06,B
92,Ingelbert,Peedell,ipeedell2j@ycombinator.com,216-182-2441,1973-03-06,S
93,Templeton,Marden,tmarden2k@vistaprint.com,580-714-5385,1965-05-16,B
94,Shay,Colecrough,scolecrough2l@cpanel.net,322-224-1162,1998-01-22,B
95,De witt,Joselevitz,djoselevitz2m@yelp.com,237-694-7820,1968-12-23,S
96,Lamar,Breslau,lbreslau2n@cyberchimps.com,122-998-7430,1961-10-31,S
97,Ad,Tweddell,atweddell2o@free.fr,639-563-9947,2001-01-13,S
98,Aggy,Berrie,aberrie2p@oracle.com,960-977-3635,1977-12-15,B
99,Nancy,Khrishtafovich,nkhrishtafovich2q@lulu.com,117-332-7502,1968-07-24,G
100,Milton,Attaway,mattaway2r@odnoklassniki.ru,944-928-8624,1997-04-02,S
101,Emma,Eeles,eeeles2s@who.int,675-827-9617,1976-11-13,S
102,Elton,Waine,ewaine2t@wordpress.com,830-695-9395,1975-01-14,G
103,Alysa,Pynn,apynn2u@google.cn,311-462-0402,2000-01-07,B
104,Violetta,Sibylla,vsibylla2v@people.com.cn,550-304-2362,1967-09-18,G
105,Codee,Piola,cpiola2w@canalblog.com,401-278-9531,1975-05-20,G
106,Gabriela,Burnham,gburnham2x@mediafire.com,723-546-2804,1988-02-16,G
107,Emlynn,Wimmers,ewimmers2y@dagondesign.com,922-420-9785,1974-01-27,G
108,Lanna,Sinclar,lsinclar2z@wix.com,688-167-1381,1965-03-14,S
109,Win,Pawfoot,wpawfoot30@redcross.org,925-880-7893,1997-03-01,S
110,Wynn,Henriet,whenriet31@php.net,892-566-6214,1993-09-26,B
111,Brady,Khilkov,bkhilkov32@google.co.jp,189-588-8446,1978-06-12,B
112,Son,Kee,skee33@hatena.ne.jp,710-913-2113,1979-06-24,G
113,Reine,Wakeling,rwakeling34@uol.com.br,995-856-4632,1975-06-04,G
114,Madlen,Kermit,mkermit35@github.com,524-267-8371,1984-12-24,S
115,Kylynn,Gatch,kgatch36@omniture.com,550-964-4591,1969-11-18,B
116,Fernandina,Gowar,fgowar37@moonfruit.com,939-264-1843,1967-09-16,G
117,Winny,Chaters,wchaters38@pinterest.com,509-520-5110,1998-07-01,G
118,Demetre,Krates,dkrates39@rakuten.co.jp,817-321-0811,1999-08-20,S
119,Fancie,Moreno,fmoreno3a@sciencedirect.com,582-888-6046,1968-08-02,B
120,Margo,Hirth,mhirth3b@cargocollective.com,859-290-8176,1973-03-26,S
121,Coraline,Armitt,carmitt3c@yahoo.co.jp,851-390-8098,1992-10-14,B
122,Christie,Wooler,cwooler3d@jimdo.com,671-141-2829,1963-10-13,S
123,Sophronia,Wibberley,swibberley3e@miitbeian.gov.cn,313-742-9740,1962-07-24,B
124,Ashly,Lightbourne,alightbourne3f@php.net,473-589-4659,1994-09-09,S
125,Joice,Palfreyman,jpalfreyman3g@reference.com,661-923-2419,1985-06-01,S
126,Jade,Colliss,jcolliss3h@com.com,651-358-5364,2001-12-13,G
127,Liliane,Gotmann,lgotmann3i@mysql.com,152-550-4220,1982-08-30,S
128,Chandler,Devenport,cdevenport3j@howstuffworks.com,370-519-1510,1970-05-16,S
129,Karina,Etheredge,ketheredge3k@parallels.com,926-711-8626,1964-04-29,G
130,Ky,Whimper,kwhimper3l@ameblo.jp,277-214-2054,1973-01-20,G
131,Darcie,Welldrake,dwelldrake3m@slideshare.net,857-704-4217,1998-10-18,B
132,Nerita,Dismore,ndismore3n@stanford.edu,582-446-1431,2003-11-15,G
133,Valida,Mandell,vmandell3o@geocities.jp,762-241-7275,1962-01-09,S
134,Lawrence,Schutter,lschutter3p@utexas.edu,149-861-0702,1966-05-30,B
135,Reuben,Rennard,rrennard3q@elpais.com,777-461-0174,1997-11-14,S
136,Corenda,Martinuzzi,cmartinuzzi3r@cbsnews.com,341-735-1652,1971-02-20,S
137,Chancey,Nowland,cnowland3s@booking.com,104-408-1713,2000-12-06,S
138,Erl,Dudeney,edudeney3t@booking.com,468-378-0936,1981-05-16,S
139,Braden,Etches,betches3u@kickstarter.com,583-934-6704,1963-11-09,G
140,De witt,Docherty,ddocherty3v@ted.com,904-215-9479,1977-09-24,B
141,Ado,Boffey,aboffey3w@mapy.cz,753-717-7500,2005-11-28,G
142,Marlow,Karchowski,mkarchowski3x@unc.edu,318-198-1849,1983-01-17,G
143,Gregorio,Stood,gstood3y@1und1.de,733-116-5941,1991-10-05,B
144,Merrily,Gage,mgage3z@aol.com,926-203-7733,1995-07-11,S
145,Rafaellle,Carrett,rcarrett40@cbslocal.com,203-225-4908,1966-06-20,S
146,Oralee,Chevers,ochevers41@biglobe.ne.jp,656-150-0525,1974-01-26,S
147,Josephine,Truman,jtruman42@jugem.jp,222-906-9017,1973-12-21,G
148,Locke,Sexton,lsexton43@usatoday.com,104-273-5456,1968-10-12,S
149,Dona,Heinsh,dheinsh44@samsung.com,476-926-6729,1996-03-28,B
150,Florentia,Barlow,fbarlow45@issuu.com,744-538-4108,1991-01-03,B
151,Kacy,Berzons,kberzons46@over-blog.com,157-726-6104,1970-05-15,B
152,Celinka,McCarrell,cmccarrell47@studiopress.com,531-714-1212,1975-04-14,S
153,Diego,Danilovitch,ddanilovitch48@irs.gov,429-178-4931,1979-01-10,B
154,Mercedes,Lemmer,mlemmer49@oaic.gov.au,310-706-2546,1986-08-10,B
155,Claudetta,Godilington,cgodilington4a@quantcast.com,993-269-2446,1976-05-08,G
156,Brandie,Mandrier,bmandrier4b@symantec.com,722-605-7443,2006-04-27,S
157,Marcellus,Elt,melt4c@booking.com,936-619-0366,1987-06-22,B
158,Rosalinda,Bissill,rbissill4d@usatoday.com,383-853-2533,1975-07-06,S
159,Brina,Bertrand,bbertrand4e@infoseek.co.jp,621-923-1497,2002-12-13,G
160,Jeana,Dufore,jdufore4f@samsung.com,914-852-9906,1984-02-15,B
161,Nikolos,Brightie,nbrightie4g@wunderground.com,998-786-5868,1999-02-04,G
162,Agnola,Penni,apenni4h@disqus.com,625-116-5115,1988-06-18,S
163,Dolli,Laycock,dlaycock4i@hibu.com,830-823-4336,1965-12-23,S
164,Dorette,Genny,dgenny4j@over-blog.com,408-215-7184,1970-10-29,S
165,Celene,Kirman,ckirman4k@google.cn,593-904-9665,1997-10-24,G
166,Kliment,Ethridge,kethridge4l@infoseek.co.jp,295-884-6008,1965-11-04,B
167,Delly,Lathey,dlathey4m@nih.gov,700-916-2777,1988-12-31,B
168,Jessica,Lynd,jlynd4n@accuweather.com,933-237-5843,1968-06-08,B
169,Verla,Van der Velden,vvandervelden4o@mashable.com,384-165-3977,1975-06-30,B
170,Warde,Knee,wknee4p@nasa.gov,655-291-5975,1981-02-15,G
171,Trueman,Rives,trives4q@google.es,369-320-8713,1987-06-16,G
172,Russell,Awty,rawty4r@youtu.be,412-873-9075,1993-11-29,G
173,Darrel,Shrimptone,dshrimptone4s@craigslist.org,226-794-8032,2004-05-23,B
174,Hurley,Alpes,halpes4t@dyndns.org,705-837-7414,1969-06-04,B
175,Hersch,Kinsett,hkinsett4u@wikia.com,679-711-6677,1977-12-26,G
176,Didi,Acres,dacres4v@sciencedaily.com,268-983-6975,1995-11-29,B
177,Joaquin,Girsch,jgirsch4w@addtoany.com,691-709-9992,1991-07-24,B
178,Katha,Stroud,kstroud4x@amazon.co.uk,840-635-8335,1962-03-06,S
179,Kalie,Steanyng,ksteanyng4y@example.com,479-799-0343,1990-02-17,G
180,Hans,Ratlee,hratlee4z@smugmug.com,159-117-5933,1999-07-24,G
181,Isaac,Worledge,iworledge50@arstechnica.com,808-432-2699,1963-02-15,S
182,Lind,Oels,loels51@jiathis.com,381-493-7915,1987-01-07,B
183,Elle,Chadwick,echadwick52@soup.io,697-635-2432,1970-06-17,B
184,Penn,Baldocci,pbaldocci53@clickbank.net,986-501-0463,1971-08-11,G
185,Adelaide,Lordon,alordon54@ft.com,679-329-2605,1965-03-30,G
186,Colly,Ganing,cganing55@sogou.com,391-382-3945,1974-06-01,B
187,Annnora,Decourt,adecourt56@instagram.com,699-731-9662,1989-12-18,G
188,Levon,Sawden,lsawden57@hao123.com,499-857-3161,1965-10-07,B
189,Carlee,Praundl,cpraundl58@soup.io,833-739-2261,2001-05-12,G
190,Miltie,Hawkeridge,mhawkeridge59@reverbnation.com,845-898-2494,1978-10-24,G
191,Abner,Ventam,aventam5a@nytimes.com,710-944-0825,1963-02-14,S
192,Tonye,Linham,tlinham5b@yolasite.com,543-651-1006,1983-06-11,G
193,Desdemona,Shane,dshane5c@mashable.com,664-758-3859,1962-12-09,S
194,Sidonnie,Dongate,sdongate5d@twitpic.com,334-314-5316,2002-12-14,B
195,Debor,Cotte,dcotte5e@baidu.com,899-156-3303,1963-05-30,B
196,Abelard,Neesam,aneesam5f@i2i.jp,116-978-2369,1967-01-13,S
197,Rachael,Espinas,respinas5g@facebook.com,279-375-3684,1962-03-05,S
198,Kort,Connaughton,kconnaughton5h@cdbaby.com,487-961-1904,1987-06-26,G
199,Janek,Kerner,jkerner5i@wordpress.org,419-742-4575,1989-06-25,S
200,Celestia,McLaren,cmclaren5j@mlb.com,839-483-7653,2000-08-13,S
201,Marlon,Janc,mjanc5k@google.pl,430-382-2399,2000-05-23,B
202,Whitaker,Duffus,wduffus5l@domainmarket.com,212-472-7585,2005-08-17,G
203,Kippie,Godleman,kgodleman5m@sakura.ne.jp,917-611-6896,1977-08-12,B
204,Isidro,Proughten,iproughten5n@arizona.edu,939-371-8144,1990-03-26,B
205,Tab,Benardeau,tbenardeau5o@sun.com,867-706-1257,1985-10-16,G
206,Dagmar,Jancik,djancik5p@hatena.ne.jp,208-862-3309,1970-12-28,B
207,Margeaux,Ferronel,mferronel5q@netvibes.com,367-510-3788,1961-01-01,S
208,Pietro,Switsur,pswitsur5r@miitbeian.gov.cn,765-511-2805,1994-08-23,B
209,Alistair,Suggey,asuggey5s@cocolog-nifty.com,425-907-7235,1976-11-06,S
210,Juliane,Le Friec,jlefriec5t@comsenz.com,849-371-6790,1966-02-25,S
211,Valaree,Gadsden,vgadsden5u@imdb.com,482-158-3509,1992-04-30,S
212,Tedd,Maxfield,tmaxfield5v@desdev.cn,810-166-2322,2006-07-08,B
213,Hyman,Gallop,hgallop5w@newsvine.com,949-460-7608,1973-03-19,G
214,Esdras,Abramovitch,eabramovitch5x@sun.com,728-261-1252,1962-06-28,S
215,Nicholle,Veryard,nveryard5y@edublogs.org,316-801-9151,1979-04-18,S
216,Theodosia,Fearney,tfearney5z@google.co.jp,482-744-3078,1963-10-08,G
217,Drusi,Lissemore,dlissemore60@4shared.com,525-270-8818,1989-05-20,G
218,Leelah,Archbould,larchbould61@yandex.ru,580-652-9493,2005-08-10,G
219,Gustaf,Scobie,gscobie62@sakura.ne.jp,338-740-9266,1961-08-13,B
220,Caddric,Annice,cannice63@dmoz.org,718-537-7877,1993-06-16,G
221,Pauly,Pietrzak,ppietrzak64@people.com.cn,172-898-2618,1961-04-04,G
222,Wilhelmine,Diter,wditer65@rakuten.co.jp,112-970-9389,2000-04-19,S
223,Anneliese,Touret,atouret66@skype.com,754-970-1905,1979-08-08,S
224,Kelsey,O'Fihily,kofihily67@washingtonpost.com,208-457-7942,1998-03-01,S
225,Sher,Isacoff,sisacoff68@amazon.co.uk,749-285-1672,1965-04-30,G
226,Mae,Lerwill,mlerwill69@cloudflare.com,465-486-7029,1971-08-17,B
227,Sheri,Fetteplace,sfetteplace6a@aol.com,730-819-7766,1984-08-25,G
228,Elsa,Wallentin,ewallentin6b@oakley.com,834-420-0377,1987-01-21,G
229,Wat,Casford,wcasford6c@privacy.gov.au,647-914-2370,1995-04-29,G
230,Andria,Frampton,aframpton6d@fc2.com,609-112-5488,1994-01-23,B
231,Geoff,Meininger,gmeininger6e@oakley.com,163-274-3273,1999-07-29,B
232,Sharline,Longmire,slongmire6f@weibo.com,121-543-5127,1967-05-20,B
233,Garold,Spight,gspight6g@etsy.com,569-401-7588,2002-11-08,S
234,Belinda,Cockburn,bcockburn6h@dyndns.org,104-496-7911,1980-08-11,G
235,Maddie,Norridge,mnorridge6i@digg.com,859-542-0208,2003-10-03,S
236,Yvette,Addinall,yaddinall6j@printfriendly.com,945-958-0724,1994-09-16,B
237,Lynnell,Barens,lbarens6k@europa.eu,455-875-6062,1993-04-05,S
238,Farly,Flann,fflann6l@ftc.gov,179-434-4582,1995-01-30,B
239,Mandie,Aggs,maggs6m@vkontakte.ru,733-140-7017,1968-02-13,B
240,Romain,Lumpkin,rlumpkin6n@exblog.jp,123-475-9187,1965-11-07,G
241,Ogdan,Relton,orelton6o@meetup.com,806-834-5512,1969-04-19,B
242,Judon,O'Fihillie,jofihillie6p@pen.io,293-534-0835,1989-02-19,B
243,Peg,Bengtson,pbengtson6q@ehow.com,228-707-8991,1997-08-20,S
244,Daveta,Goldsby,dgoldsby6r@tinyurl.com,403-728-6503,1981-01-11,B
245,Elfie,Divver,edivver6s@seesaa.net,380-454-1782,1975-09-04,S
246,Tymothy,Moar,tmoar6t@4shared.com,430-341-7354,1995-09-29,S
247,Arlette,Gurge,agurge6u@shop-pro.jp,524-901-3575,2001-06-26,G
248,Etheline,Koeppke,ekoeppke6v@wikia.com,753-967-1593,1965-03-28,B
249,Shermie,Fortie,sfortie6w@devhub.com,553-671-3125,1991-11-26,G
250,Jacinthe,Delacoste,jdelacoste6x@omniture.com,937-831-7525,1964-11-23,G
251,Rickie,Jilliss,rjilliss6y@rediff.com,285-458-2792,2005-09-27,G
252,Kennie,Cowlin,kcowlin6z@columbia.edu,458-519-4279,1968-08-09,S
253,Jackelyn,Hedingham,jhedingham70@vinaora.com,331-991-7698,1993-12-03,B
254,Bonnee,Battista,bbattista71@npr.org,738-875-7926,1974-12-19,B
255,Sydelle,Punton,spunton72@wsj.com,443-615-0339,1975-08-01,G
256,Waverley,Jinkin,wjinkin73@123-reg.co.uk,746-362-7013,2002-02-09,S
257,Yolande,Drew-Clifton,ydrewclifton74@shutterfly.com,312-853-9903,1983-07-04,S
258,Lorenza,Brewster,lbrewster75@springer.com,352-749-7234,1974-02-26,G
259,Josephina,Guilloud,jguilloud76@baidu.com,136-592-3066,1998-12-30,G
260,Fawne,Abrashkin,fabrashkin77@oracle.com,683-543-1582,1994-08-18,B
261,Terese,Hrinchishin,thrinchishin78@eventbrite.com,627-607-9166,1969-09-27,B
262,Olive,Clohissy,oclohissy79@netscape.com,103-135-2628,1984-03-22,B
263,Chelsy,Parrish,cparrish7a@ning.com,194-466-2004,1974-05-14,G
264,Ruttger,Baine,rbaine7b@is.gd,996-282-0362,1993-09-18,S
265,Justinn,Queen,jqueen7c@devhub.com,643-275-4526,1982-05-25,G
266,Miner,Jobes,mjobes7d@fema.gov,355-490-9468,1989-05-11,S
267,Felix,Cridlan,fcridlan7e@live.com,685-495-6327,1981-10-23,B
268,Kayla,Bygrave,kbygrave7f@netscape.com,461-404-2937,1993-04-10,G
269,Nelli,Beavan,nbeavan7g@yolasite.com,909-200-8254,1972-12-11,G
270,Emmye,Magowan,emagowan7h@yahoo.co.jp,706-298-4635,1973-03-19,G
271,Elbertina,Meddick,emeddick7i@phpbb.com,887-633-5465,1997-12-01,B
272,Vi,Thurbon,vthurbon7j@google.ca,773-969-2122,1973-05-25,G
273,Rasia,Klugman,rklugman7k@amazon.co.jp,563-184-9569,1996-08-05,G
274,Issy,Melross,imelross7l@state.tx.us,855-737-8065,1984-11-15,G
275,Anton,Peasegod,apeasegod7m@homestead.com,143-975-8458,1973-03-16,G
276,Thaddeus,Adlard,tadlard7n@mit.edu,798-748-7523,1964-07-15,G
277,Evangelia,Duffer,eduffer7o@aol.com,579-805-7478,1968-06-03,S
278,Averil,Indruch,aindruch7p@princeton.edu,419-773-8386,1993-11-23,S
279,Elvira,Sandry,esandry7q@epa.gov,646-728-5760,1984-12-09,G
280,Hilliard,Paramore,hparamore7r@uiuc.edu,475-437-5977,1963-06-16,G
281,Abby,Guiness,aguiness7s@e-recht24.de,140-567-5745,1988-09-12,G
282,Hashim,Karp,hkarp7t@washington.edu,385-295-4800,1979-06-09,B
283,Aura,De Carteret,adecarteret7u@alibaba.com,843-916-5863,1994-07-29,B
284,Chic,Dods,cdods7v@people.com.cn,599-379-8847,1996-08-02,G
285,Gus,Duker,gduker7w@weebly.com,413-723-7101,1974-02-12,S
286,Margette,Dury,mdury7x@cnbc.com,932-930-7013,1968-07-19,B
287,Jorey,Yukhnev,jyukhnev7y@surveymonkey.com,202-953-4488,1972-07-16,S
288,Nadiya,Donald,ndonald7z@blogtalkradio.com,244-785-1545,1996-06-02,G
289,Raffaello,Ogelbe,rogelbe80@baidu.com,343-433-0488,1977-06-09,B
290,Tudor,MacTrustam,tmactrustam81@facebook.com,540-909-4130,2003-10-04,S
291,Agnes,Arni,aarni82@mapy.cz,633-913-9258,1987-11-30,S
292,Dorene,Tapping,dtapping83@adobe.com,537-878-4815,1988-05-20,S
293,Barry,Harland,bharland84@yellowpages.com,627-382-5005,1977-05-24,S
294,Hillie,Etchingham,hetchingham85@bloomberg.com,966-876-5221,1969-02-24,S
295,Lily,Supple,lsupple86@marriott.com,692-158-7561,1998-09-30,S
296,Michaeline,Sparham,msparham87@cisco.com,965-441-7890,1962-02-09,G
297,Fifi,Osgood,fosgood88@latimes.com,237-970-5572,1965-10-15,S
298,Geri,Jell,gjell89@cocolog-nifty.com,389-289-8171,1980-01-20,S
299,Corissa,Byk,cbyk8a@webeden.co.uk,562-862-6508,2005-03-16,B
300,Patrizius,Swyer-Sexey,pswyersexey8b@4shared.com,364-882-4926,1980-01-02,S
301,Finley,Milberry,fmilberry8c@histats.com,767-424-1403,1980-08-24,B
302,Brear,Sugars,bsugars8d@seattletimes.com,625-494-3416,2005-06-15,S
303,Billye,Neillans,bneillans8e@berkeley.edu,172-100-7402,1985-09-20,G
304,Lindy,Tiffany,ltiffany8f@ucsd.edu,152-298-2677,1979-09-04,G
305,Audy,McAulay,amcaulay8g@latimes.com,826-316-6753,1970-08-02,S
306,Rennie,Kolczynski,rkolczynski8h@blogs.com,179-364-0173,1972-06-08,B
307,Roderigo,Dulwich,rdulwich8i@dot.gov,146-998-4802,1993-07-23,S
308,Walden,Feria,wferia8j@ning.com,909-950-2143,1989-05-05,B
309,Lolly,Hoppner,lhoppner8k@slate.com,226-805-7370,2005-12-20,S
310,Wilbert,Pyvis,wpyvis8l@disqus.com,923-893-6096,1997-07-28,G
311,Rudiger,Gagan,rgagan8m@plala.or.jp,857-508-2481,1997-10-06,B
312,Jayson,Estcot,jestcot8n@mysql.com,709-190-8444,2001-06-02,S
313,Gloria,Cassam,gcassam8o@typepad.com,774-643-6573,1970-01-28,B
314,Katy,Garvagh,kgarvagh8p@cnbc.com,811-978-4214,1990-03-03,B
315,Markos,Laytham,mlaytham8q@quantcast.com,213-914-9048,1981-03-21,S
316,Nevins,Marflitt,nmarflitt8r@netvibes.com,552-362-4962,1965-01-03,B
317,Minni,Sawley,msawley8s@hexun.com,983-737-4260,1967-10-01,G
318,Ede,Yurukhin,eyurukhin8t@themeforest.net,615-568-5753,1970-06-22,B
319,Alley,Faveryear,afaveryear8u@reference.com,659-662-9949,2000-08-06,S
320,Brand,Thorold,bthorold8v@yolasite.com,398-650-9122,1987-04-24,S
321,Quintina,Maffi,qmaffi8w@wordpress.com,177-319-9848,1975-09-02,G
322,Vassili,Gagg,vgagg8x@hatena.ne.jp,912-676-4241,1979-05-29,B
323,Eudora,Morman,emorman8y@lycos.com,937-207-5873,1979-03-23,S
324,Christal,Skully,cskully8z@meetup.com,634-457-7916,1989-03-08,B
325,Catherine,Fance,cfance90@alexa.com,102-982-1312,1983-04-24,B
326,Greg,Marriage,gmarriage91@vkontakte.ru,855-407-5319,1985-09-12,S
327,Christalle,Peffer,cpeffer92@wikimedia.org,794-845-5212,2005-11-24,G
328,Rutger,Blumson,rblumson93@twitter.com,644-286-5202,1972-10-07,B
329,Rebeca,Glossup,rglossup94@wikia.com,557-733-8553,1998-12-10,S
330,Rosella,Dobble,rdobble95@people.com.cn,324-897-3880,1981-06-03,B
331,Cecilius,Shoebottom,cshoebottom96@illinois.edu,259-505-7471,1994-02-24,S
332,Amara,O'Donnell,aodonnell97@xinhuanet.com,553-957-7227,1972-07-21,G
333,Valentine,Bourrel,vbourrel98@merriam-webster.com,998-796-5680,1982-08-28,G
334,Bartlett,Connold,bconnold99@purevolume.com,442-459-4200,1972-03-07,S
335,Cloe,Matanin,cmatanin9a@stanford.edu,877-902-4872,1979-05-08,B
336,Burl,Brittian,bbrittian9b@statcounter.com,879-992-1900,1995-09-09,B
337,Lancelot,Middas,lmiddas9c@ezinearticles.com,965-887-7616,1993-10-25,B
338,Andi,Spencer,aspencer9d@paginegialle.it,841-101-4163,1990-07-30,B
339,Susy,Blythe,sblythe9e@uiuc.edu,916-354-6403,1980-12-22,G
340,Sheffie,Slack,sslack9f@bluehost.com,374-376-2744,1987-12-04,B
341,Sheba,Osban,sosban9g@bandcamp.com,723-145-2816,1968-12-17,B
342,Adora,Cline,acline9h@cafepress.com,456-478-2968,1974-07-24,S
343,Quentin,Peirce,qpeirce9i@google.com.au,351-938-7170,1991-12-21,G
344,Jase,Guilliatt,jguilliatt9j@flickr.com,705-270-8422,1991-02-27,G
345,Hobey,Kitlee,hkitlee9k@wisc.edu,102-908-5373,1972-12-27,B
346,Den,Maith,dmaith9l@xing.com,226-181-1151,1966-05-20,G
347,Gawain,Lacknor,glacknor9m@rakuten.co.jp,965-257-7257,1977-12-24,G
348,Matias,O'Sculley,mosculley9n@skype.com,865-715-6917,1966-11-15,B
349,Blinny,Dearness,bdearness9o@oracle.com,300-274-5231,2005-04-03,G
350,Guss,Decort,gdecort9p@istockphoto.com,578-384-4271,1991-06-06,B
351,Yvonne,Chaddock,ychaddock9q@oaic.gov.au,827-965-0723,1977-06-13,B
352,Appolonia,Sivell,asivell9r@nydailynews.com,296-563-6731,1981-10-02,B
353,Bernhard,Pead,bpead9s@google.ca,598-600-4826,2002-10-07,G
354,Marcela,Keep,mkeep9t@guardian.co.uk,347-395-1831,1964-07-26,B
355,Jehanna,Ryce,jryce9u@miitbeian.gov.cn,389-406-3099,1973-06-29,G
356,Adelina,Swiffen,aswiffen9v@wunderground.com,617-747-6127,1972-01-25,G
357,Bibbye,Norrey,bnorrey9w@adobe.com,518-447-5559,1993-03-10,B
358,Estele,Schimaschke,eschimaschke9x@infoseek.co.jp,787-421-9269,1998-11-15,B
359,Teresita,Evetts,tevetts9y@meetup.com,111-116-8242,2002-07-26,S
360,Kriste,Whatman,kwhatman9z@intel.com,958-483-6809,1973-08-12,B
361,Kristen,Esel,kesela0@home.pl,566-346-0604,2005-04-09,G
362,Sylvester,Brownfield,sbrownfielda1@barnesandnoble.com,702-590-9060,1984-06-09,B
363,Galven,Pritchard,gpritcharda2@cyberchimps.com,628-595-0768,1996-05-01,G
364,Shannah,Gurdon,sgurdona3@howstuffworks.com,491-934-4543,1975-05-03,G
365,Paulie,O' Hanvey,pohanveya4@go.com,627-494-8230,2003-10-02,B
366,Jordanna,Lorenzetto,jlorenzettoa5@state.gov,837-687-9793,1995-02-15,G
367,Kiri,Capini,kcapinia6@wired.com,400-195-4602,1987-07-26,G
368,Clemmy,Abbs,cabbsa7@myspace.com,146-582-6789,1998-12-09,S
369,Dorie,Nuschke,dnuschkea8@imgur.com,945-253-4700,2000-05-18,G
370,Mikey,Hallick,mhallicka9@baidu.com,620-166-0936,1984-04-15,S
371,Wylma,Wigfall,wwigfallaa@ehow.com,852-108-1048,1988-03-04,G
372,Reina,Pasticznyk,rpasticznykab@sourceforge.net,577-878-4102,2003-07-15,S
373,Eliot,Giorgetti,egiorgettiac@whitehouse.gov,305-470-1155,1988-06-04,B
374,Andriana,Presidey,apresideyad@merriam-webster.com,580-777-9327,2001-02-10,B
375,Tallia,Maxwell,tmaxwellae@purevolume.com,776-531-9969,1969-01-06,S
376,Leeann,Zammett,lzammettaf@acquirethisname.com,251-956-6904,1993-04-22,S
377,Baudoin,Demcak,bdemcakag@moonfruit.com,254-565-8074,1999-09-15,B
378,Artie,Jeanequin,ajeanequinah@upenn.edu,725-237-8170,1988-06-19,B
379,Bernetta,Doncaster,bdoncasterai@usnews.com,433-365-6403,1995-10-29,G
380,Yevette,Farrier,yfarrieraj@geocities.com,107-503-6091,2001-11-15,B
381,Giffard,Sowley,gsowleyak@businesswire.com,554-907-5179,1961-12-06,S
382,Link,Massingham,lmassinghamal@exblog.jp,363-209-1947,1992-11-22,S
383,Obie,Jordanson,ojordansonam@merriam-webster.com,914-370-4949,1996-10-24,B
384,Adel,Glanz,aglanzan@nhs.uk,331-808-3635,1974-09-04,S
385,Nathalia,Totterdell,ntotterdellao@arizona.edu,409-574-1353,1963-01-14,B
386,Hadria,Van Der Straaten,hvanderstraatenap@51.la,423-575-9114,2006-09-09,S
387,Shannah,Lowrey,slowreyaq@ucla.edu,370-687-2189,1976-02-06,G
388,Stesha,Leith-Harvey,sleithharveyar@furl.net,385-468-3212,1977-09-11,B
389,Reagan,Trumble,rtrumbleas@behance.net,502-280-0849,1983-07-19,G
390,Irwin,Betancourt,ibetancourtat@elpais.com,444-306-3222,1979-11-09,B
391,Laurens,Picopp,lpicoppau@cbslocal.com,513-971-6205,1980-01-10,G
392,Harley,Elliott,helliottav@intel.com,768-942-1628,1989-08-29,G
393,Talia,MacKerley,tmackerleyaw@meetup.com,866-412-2845,1964-12-08,B
394,Klement,Killigrew,kkilligrewax@wordpress.com,284-251-6044,1998-09-22,G
395,Dagny,Bartolomivis,dbartolomivisay@feedburner.com,256-370-6784,1979-05-25,G
396,Loni,Bene,lbeneaz@people.com.cn,965-776-8629,1995-03-29,G
397,Mabel,Seebright,mseebrightb0@answers.com,521-219-1928,1991-05-07,G
398,Marja,Petry,mpetryb1@marriott.com,675-550-8661,1993-03-05,B
399,Kirbie,Vandenhoff,kvandenhoffb2@sourceforge.net,324-130-1335,2000-12-05,G
400,Howie,Sives,hsivesb3@mysql.com,860-746-4478,1963-11-02,B
401,Ardyth,Stonman,astonmanb4@slashdot.org,122-950-2176,1972-09-09,S
402,Claribel,Folan,cfolanb5@ask.com,958-304-7682,1971-09-26,S
403,Zebadiah,Penticost,zpenticostb6@discovery.com,172-618-6280,1963-11-27,G
404,Francine,Tabbitt,ftabbittb7@hibu.com,283-412-2706,1987-03-22,B
405,Iosep,Lexa,ilexab8@abc.net.au,612-759-3422,1999-11-11,S
406,Benedicto,Fayter,bfayterb9@jigsy.com,695-420-1218,2001-04-21,G
407,Staffard,Flawn,sflawnba@de.vu,923-500-2219,1966-01-20,B
408,Druci,Hefferan,dhefferanbb@hao123.com,782-592-7235,2004-11-02,B
409,Wynne,Henrys,whenrysbc@zimbio.com,375-570-7133,2005-08-03,B
410,Robinet,Bubbear,rbubbearbd@foxnews.com,761-503-0468,1993-12-08,S
411,Ephrem,Jahnisch,ejahnischbe@telegraph.co.uk,640-453-6934,1972-01-06,B
412,Lucais,Ambrosetti,lambrosettibf@shareasale.com,550-175-3156,1966-07-10,G
413,Veronique,Beresfore,vberesforebg@soundcloud.com,440-471-1968,1986-04-03,B
414,Gabey,Isenor,gisenorbh@xinhuanet.com,610-844-3757,1971-08-17,B
415,Raychel,Ferrero,rferrerobi@fema.gov,551-327-7561,1966-08-19,G
416,Cyril,Scedall,cscedallbj@msu.edu,393-637-7243,1973-06-01,G
417,Lief,Padrick,lpadrickbk@imdb.com,754-954-8047,1988-08-13,S
418,Abeu,Sherington,asheringtonbl@nasa.gov,609-994-0115,1996-06-18,S
419,Egan,Reilingen,ereilingenbm@opera.com,180-888-8718,1997-02-20,S
420,Holly,Tickel,htickelbn@clickbank.net,287-325-0365,1964-07-01,S
421,Read,McComish,rmccomishbo@gizmodo.com,511-346-1732,1991-04-25,S
422,Kata,Ducker,kduckerbp@behance.net,134-704-8628,1981-01-21,S
423,Jerome,Shoard,jshoardbq@senate.gov,285-483-6585,1992-12-05,S
424,Constantine,Ratie,cratiebr@state.tx.us,445-745-0037,1988-08-31,S
425,Nicoline,Yirrell,nyirrellbs@php.net,208-287-6769,1981-09-27,S
426,Beckie,Robins,brobinsbt@mtv.com,842-979-4715,1966-05-02,S
427,Stella,Chalfont,schalfontbu@bloglovin.com,554-848-0028,2004-10-17,G
428,Lynelle,Raggles,lragglesbv@goo.gl,360-212-8311,1975-04-30,G
429,Ketty,Brownsmith,kbrownsmithbw@cloudflare.com,673-561-4186,1991-11-27,S
430,Dunc,Soltan,dsoltanbx@dell.com,641-380-2844,1973-07-31,G
431,Dallon,Kohnen,dkohnenby@jigsy.com,105-268-1519,1971-04-05,G
432,Felita,Karby,fkarbybz@state.gov,582-248-3304,1997-08-13,G
433,Coral,Van Giffen,cvangiffenc0@huffingtonpost.com,332-176-5932,1993-11-02,B
434,Grange,Pidcock,gpidcockc1@hatena.ne.jp,154-914-7929,1975-01-16,G
435,Herc,O'Hanlon,hohanlonc2@pagesperso-orange.fr,198-448-7039,1984-06-28,B
436,Salomone,Petegrew,spetegrewc3@berkeley.edu,787-945-3989,1987-08-26,S
437,Anjanette,Baal,abaalc4@soundcloud.com,178-246-2147,1967-08-30,G
438,Tine,McKellar,tmckellarc5@hubpages.com,287-960-9366,1988-05-10,B
439,Berty,Sedgefield,bsedgefieldc6@clickbank.net,709-706-3631,1976-02-10,S
440,Timofei,Skitteral,tskitteralc7@hc360.com,942-756-8714,1986-04-22,G
441,Hilliary,Duthy,hduthyc8@comsenz.com,588-504-5300,1988-05-20,S
442,Meghann,Guerrazzi,mguerrazzic9@github.io,630-255-0583,2004-12-07,S
443,Petrina,Vowell,pvowellca@163.com,189-725-9330,1965-03-27,B
444,Arlette,Rosenthaler,arosenthalercb@indiatimes.com,930-459-1161,1963-04-08,G
445,Nico,Debrett,ndebrettcc@google.nl,973-986-5860,1979-11-30,B
446,Lorelle,Bend,lbendcd@usgs.gov,409-968-9318,1987-01-15,S
447,Bernard,Mulvany,bmulvanyce@tripadvisor.com,332-635-8273,1990-10-09,G
448,Diarmid,Morrieson,dmorriesoncf@bbb.org,310-756-0296,1960-10-10,B
449,Ricard,Cotton,rcottoncg@wordpress.org,334-951-8399,1991-05-01,S
450,Tera,Scopyn,tscopynch@google.co.jp,877-589-4272,1971-11-20,S
451,Egon,Kisbee,ekisbeeci@last.fm,995-953-7856,1998-03-22,B
452,Dani,Malitrott,dmalitrottcj@ezinearticles.com,473-478-9933,1997-07-15,B
453,Dorian,Joselson,djoselsonck@smugmug.com,635-499-6375,1977-08-10,B
454,Cchaddie,Weakley,cweakleycl@i2i.jp,360-554-7175,1970-03-18,B
455,Gregoor,Skydall,gskydallcm@ifeng.com,771-672-1094,1998-09-07,B
456,Cecilia,Amoore,camoorecn@netlog.com,706-621-6691,1972-05-17,B
457,Johan,Embury,jemburyco@wisc.edu,362-194-8396,1978-07-06,S
458,Davie,Gatsby,dgatsbycp@hhs.gov,209-103-1731,1990-09-22,G
459,Pearle,Ackenson,packensoncq@weibo.com,331-299-3612,1981-02-11,G
460,Caroljean,Cowderay,ccowderaycr@biblegateway.com,412-644-3140,1967-12-14,B
461,Felicio,Arnson,farnsoncs@slate.com,648-558-1704,1976-10-21,G
462,Farrell,Brougham,fbroughamct@irs.gov,426-245-0903,1998-05-05,S
463,Gladi,Golden of Ireland,ggoldenofirelandcu@home.pl,810-191-6239,1968-03-19,B
464,Husain,Kennedy,hkennedycv@desdev.cn,735-808-1305,1962-08-01,S
465,Dalston,Adanet,dadanetcw@ucsd.edu,257-523-1150,2001-02-18,B
466,Carlyle,Aires,cairescx@flavors.me,416-764-6604,2006-05-07,B
467,Harland,Just,hjustcy@de.vu,502-878-0119,1988-10-30,G
468,Rhett,Barnett,rbarnettcz@twitpic.com,891-417-2215,1963-05-29,B
469,Ric,Canelas,rcanelasd0@google.nl,624-536-5948,1967-10-24,B
470,Loren,Hinsche,lhinsched1@cisco.com,614-439-0668,1978-05-03,S
471,Dory,Harflete,dharfleted2@dyndns.org,726-271-6440,2003-11-25,B
472,Pattin,Orsi,porsid3@biblegateway.com,270-532-4300,1997-09-07,B
473,Lesly,Cockran,lcockrand4@dyndns.org,475-166-5937,1962-08-16,B
474,Carri,Real,creald5@time.com,573-161-9678,1965-12-23,G
475,Wilma,Spencers,wspencersd6@state.gov,725-958-0727,1986-03-02,S
476,April,Alaway,aalawayd7@mapquest.com,178-304-9014,1979-12-31,S
477,Oneida,Barnett,obarnettd8@soundcloud.com,976-687-1441,1987-07-30,G
478,Reese,Trowsdale,rtrowsdaled9@bbb.org,137-109-9963,1983-05-28,S
479,Claudette,Rohmer,crohmerda@hud.gov,290-680-1326,1976-02-21,G
480,Dana,Simione,dsimionedb@cdbaby.com,552-368-1715,1981-08-07,B
481,Amelita,Hazard,ahazarddc@discovery.com,734-898-1546,1967-10-18,G
482,Marylin,Sillis,msillisdd@europa.eu,582-878-5896,1984-03-27,G
483,Kim,Philipeau,kphilipeaude@mlb.com,132-650-5277,2005-07-17,S
484,Augusto,Abel,aabeldf@twitter.com,339-370-8731,1962-03-19,G
485,Allis,Earngy,aearngydg@nifty.com,548-898-7307,1966-07-31,B
486,Fred,Labusquiere,flabusquieredh@google.es,945-313-9443,1987-06-20,S
487,Kailey,Eggle,keggledi@cnn.com,768-239-3060,2004-08-14,S
488,Barbabra,MacArdle,bmacardledj@jiathis.com,592-929-3011,1976-02-24,B
489,Joni,Charley,jcharleydk@fc2.com,152-908-9243,1985-09-26,S
490,Bentley,Sola,bsoladl@nature.com,765-145-3726,1993-11-04,G
491,Frannie,Baynes,fbaynesdm@businessinsider.com,941-849-8440,1977-04-25,B
492,Cord,Inkles,cinklesdn@dion.ne.jp,894-721-5415,1994-04-24,S
493,Neddie,Bacher,nbacherdo@facebook.com,424-846-6254,1973-01-22,G
494,Latia,Sherwell,lsherwelldp@vinaora.com,768-976-4427,1962-06-30,S
495,Elyssa,Wollrauch,ewollrauchdq@cmu.edu,140-321-6312,1963-05-18,S
496,Maximo,Featherby,mfeatherbydr@deviantart.com,265-678-2371,1963-06-23,G
497,Freeman,Nunnerley,fnunnerleyds@gravatar.com,553-942-9784,1972-07-02,S
498,Alayne,Trousdale,atrousdaledt@epa.gov,369-865-6771,1973-01-17,S
499,Beverlie,Lehrian,blehriandu@blogs.com,416-539-9381,1999-09-26,B
500,Elisabet,Boshier,eboshierdv@webnode.com,689-279-4534,1962-07-07,S
501,Milzie,Valti,mvaltidw@drupal.org,303-891-2516,1962-04-27,S
502,Brig,Mullins,bmullinsdx@cbc.ca,357-836-7203,2003-07-14,S
503,Libby,Milverton,lmilvertondy@huffingtonpost.com,481-719-6293,1962-06-02,G
504,Gertie,Shiril,gshirildz@slashdot.org,785-141-1052,1998-08-23,B
505,Buddie,Blackstone,bblackstonee0@cloudflare.com,458-188-8794,1993-11-12,B
506,Jobi,Badsworth,jbadsworthe1@oaic.gov.au,662-379-3351,1984-08-22,G
507,Morie,McNalley,mmcnalleye2@redcross.org,744-104-1011,1977-01-11,S
508,Dunn,Ponde,dpondee3@google.cn,851-545-4206,2000-07-01,B
509,Bradly,Eaklee,beakleee4@columbia.edu,548-939-5924,1980-03-05,S
510,Merrili,Sucre,msucree5@java.com,351-565-6282,1995-01-10,G
511,Gerardo,Kristoffersen,gkristoffersene6@dion.ne.jp,130-321-5368,1999-08-28,B
512,Kalinda,Doick,kdoicke7@google.com,902-565-4066,1994-08-20,S
513,Mariel,Robelin,mrobeline8@opensource.org,158-364-5046,1980-02-09,S
514,Agnella,Cissen,acissene9@mediafire.com,459-714-6389,1974-09-24,S
515,Ingaberg,McClenan,imcclenanea@irs.gov,527-914-8435,1986-07-11,S
516,Stanleigh,Hoyles,shoyleseb@wordpress.com,578-153-3571,1969-03-10,G
517,Cinda,Gerardeaux,cgerardeauxec@oakley.com,790-874-8548,1977-11-15,G
518,Chancey,Scarre,cscarreed@cdbaby.com,975-963-2854,1988-01-13,B
519,Grier,Sivills,gsivillsee@miitbeian.gov.cn,614-552-1110,1985-03-30,G
520,Kelli,Eudall,keudallef@ebay.co.uk,123-284-8966,1989-06-01,G
521,Consalve,Lowson,clowsoneg@reverbnation.com,914-900-4693,2000-07-21,S
522,Marthe,Linacre,mlinacreeh@shinystat.com,660-475-3854,1985-10-07,G
523,Geri,Carletti,gcarlettiei@google.es,406-225-6219,1965-12-08,B
524,Edith,Stubbes,estubbesej@weebly.com,341-829-4460,1998-08-27,G
525,Chad,Menere,cmenereek@google.es,130-780-8731,1996-04-04,G
526,Rina,Crafter,rcrafterel@java.com,283-786-1486,1994-03-21,G
527,Jermaine,Curdell,jcurdellem@dailymotion.com,327-217-7660,1965-08-11,S
528,Nerti,Keston,nkestonen@archive.org,208-462-6314,1975-09-13,B
529,Belita,Emmitt,bemmitteo@clickbank.net,742-754-4275,1990-03-07,G
530,Klemens,Chritchlow,kchritchlowep@flavors.me,227-407-0372,2006-08-03,B
531,Parke,Keuntje,pkeuntjeeq@wikia.com,244-945-0959,1967-07-21,S
532,Aleda,Powdrill,apowdriller@wisc.edu,141-574-6705,2002-06-05,S
533,Rustin,Wormald,rwormaldes@umn.edu,919-603-4920,1976-11-21,G
534,Buiron,Poluzzi,bpoluzziet@webmd.com,371-215-5808,1963-02-21,S
535,Sib,Clawson,sclawsoneu@t-online.de,865-865-3857,2000-04-16,S
536,Antonia,Learned,alearnedev@tiny.cc,119-426-1223,1991-09-24,G
537,Karney,Chasmar,kchasmarew@patch.com,848-399-7251,1977-05-04,G
538,Lucita,Wyrill,lwyrillex@spotify.com,313-644-0233,1981-02-21,S
539,Urbanus,Durtnel,udurtneley@washington.edu,440-541-3643,1997-10-23,S
540,Tait,Massel,tmasselez@smugmug.com,351-929-5285,2003-08-02,B
541,Pinchas,Eagle,peaglef0@dailymotion.com,542-539-4462,2000-01-24,B
542,Sarina,Hunton,shuntonf1@irs.gov,504-410-4710,1971-07-13,S
543,Georges,Caswell,gcaswellf2@reuters.com,860-527-8468,1996-09-09,G
544,Aloin,Sievewright,asievewrightf3@tripadvisor.com,260-622-6185,2005-08-20,S
545,Rozamond,Jurkiewicz,rjurkiewiczf4@youtube.com,150-109-7422,1971-10-16,S
546,Diane-marie,Aizik,daizikf5@dell.com,419-274-1933,1976-06-30,S
547,Dominique,Wickendon,dwickendonf6@bizjournals.com,143-356-9543,1987-05-16,G
548,Ida,Ivankin,iivankinf7@tinypic.com,392-762-0366,1975-08-27,B
549,Tybalt,Tillerton,ttillertonf8@zimbio.com,591-466-5650,1995-09-24,B
550,Brande,Renn,brennf9@webmd.com,893-898-8302,2000-07-16,B
551,Basile,Maycey,bmayceyfa@baidu.com,647-906-1964,1968-07-30,B
552,Hyacinthe,Diloway,hdilowayfb@trellian.com,904-558-2500,1967-05-09,S
553,Celina,Brinded,cbrindedfc@google.es,872-672-9806,1966-03-17,G
554,Salvador,Touret,stouretfd@yahoo.com,369-264-0674,2001-07-26,B
555,Al,Yearron,ayearronfe@wikispaces.com,283-364-0336,1988-07-27,S
556,Vladimir,Houchin,vhouchinff@ocn.ne.jp,927-922-4645,1986-08-10,G
557,Lela,Bramer,lbramerfg@icio.us,958-878-1411,1964-01-03,S
558,Lina,Ducket,lducketfh@indiatimes.com,819-182-8093,1991-09-10,S
559,Sigismund,Engel,sengelfi@meetup.com,346-565-8588,1990-05-31,B
560,Obadiah,Measham,omeashamfj@tamu.edu,535-182-0582,2001-08-14,B
561,Mariele,Jankovsky,mjankovskyfk@utexas.edu,224-406-3910,1989-05-22,B
562,Dannel,Feaviour,dfeaviourfl@dell.com,217-197-7945,1975-09-24,G
563,Pen,Beechcraft,pbeechcraftfm@google.ca,946-866-5859,2005-06-19,S
564,Stephine,Lownie,slowniefn@prnewswire.com,892-829-2633,1990-10-30,G
565,Bobina,Garaghan,bgaraghanfo@ycombinator.com,686-639-4250,1981-12-09,G
566,Herman,Backsal,hbacksalfp@livejournal.com,698-357-0913,1966-12-20,B
567,My,Kynoch,mkynochfq@google.com.au,687-267-0612,1974-02-08,S
568,Marven,Robberecht,mrobberechtfr@bloglines.com,321-487-0707,1989-11-08,G
569,Orsola,Sibbit,osibbitfs@ustream.tv,647-949-1519,1996-06-23,S
570,Glenden,Kershow,gkershowft@ucoz.com,283-400-7912,1965-01-19,S
571,Bronnie,Tant,btantfu@webeden.co.uk,140-575-3234,2001-01-29,S
572,Barry,Ince,bincefv@mediafire.com,438-844-0171,1992-10-08,B
573,Dalli,Bettenay,dbettenayfw@auda.org.au,497-665-9258,1994-12-27,G
574,Dulciana,Leonards,dleonardsfx@nationalgeographic.com,873-407-3198,1961-05-14,B
575,Artemas,Al Hirsi,aalhirsify@odnoklassniki.ru,177-286-7615,1993-11-12,B
576,Leona,Charnick,lcharnickfz@bloglines.com,523-182-6199,1963-03-05,B
577,Annadiana,Batson,abatsong0@prlog.org,138-934-5234,1962-06-29,G
578,Darius,Gier,dgierg1@ft.com,900-393-6348,2006-03-13,B
579,Christye,Flannigan,cflannigang2@com.com,562-285-4838,1999-12-20,B
580,Dalston,Venmore,dvenmoreg3@sfgate.com,286-592-6834,1978-02-15,G
581,Raeann,Pahler,rpahlerg4@mayoclinic.com,735-303-3062,1996-12-27,S
582,Gottfried,Birrane,gbirraneg5@paginegialle.it,810-530-2199,1990-08-09,S
583,Jerome,Sumption,jsumptiong6@whitehouse.gov,381-632-9677,1982-03-14,B
584,Gardiner,Lawie,glawieg7@facebook.com,120-874-2815,1985-04-05,B
585,Faythe,Abramchik,fabramchikg8@unc.edu,552-826-2738,1973-09-24,G
586,Ted,Sturch,tsturchg9@patch.com,697-886-6139,1986-07-11,S
587,Sheba,Masedon,smasedonga@fotki.com,112-985-2525,1991-10-31,G
588,Bill,Everall,beverallgb@livejournal.com,185-324-0195,2003-09-24,B
589,Matelda,Doxsey,mdoxseygc@yolasite.com,770-162-4580,1963-09-19,B
590,Laurice,Doerling,ldoerlinggd@canalblog.com,998-317-2504,2000-02-26,B
591,Griff,Tie,gtiege@rakuten.co.jp,100-503-1360,1989-12-06,S
592,Fax,Aingell,faingellgf@un.org,864-652-8082,1976-07-16,G
593,Melesa,Ghidoni,mghidonigg@ted.com,394-959-8383,1997-07-17,G
594,Paddie,Batter,pbattergh@mapquest.com,607-990-3535,1971-03-18,S
595,Roderich,Layson,rlaysongi@nhs.uk,350-807-0342,2003-04-16,G
596,Michel,Devenny,mdevennygj@gmpg.org,965-930-8057,1996-03-02,G
597,Bradney,Bocock,bbocockgk@jiathis.com,536-869-4936,1968-10-07,S
598,Marlena,Earey,meareygl@cornell.edu,136-568-3707,1968-02-06,S
599,Alonso,Castellani,acastellanigm@upenn.edu,455-511-0437,1964-05-02,B
600,Virgil,Barajas,vbarajasgn@qq.com,951-417-6822,1973-01-24,G
601,Burke,Lesley,blesleygo@usnews.com,251-598-5520,1963-11-05,B
602,Nicoli,Ganley,nganleygp@wisc.edu,788-976-3047,1971-03-03,S
603,Cathie,Gonnet,cgonnetgq@163.com,994-857-3285,1965-10-08,G
604,Dotti,Endricci,dendriccigr@uiuc.edu,522-518-6787,1989-11-21,B
605,Batholomew,Eannetta,beannettags@lycos.com,812-258-1840,1968-03-16,S
606,Bil,Latchford,blatchfordgt@ted.com,700-794-9655,1982-06-25,G
607,Spencer,Bernade,sbernadegu@weebly.com,954-152-6868,1963-09-28,S
608,Gerta,Klosterman,gklostermangv@nature.com,352-654-9926,1990-10-12,B
609,Henrie,Branno,hbrannogw@webeden.co.uk,316-417-9224,1970-08-31,G
610,Stevena,Worrell,sworrellgx@studiopress.com,155-765-1652,1975-01-27,S
611,Flynn,Poltun,fpoltungy@apache.org,514-965-7791,1967-10-24,B
612,Scotty,Newtown,snewtowngz@last.fm,384-160-9932,1968-06-26,S
613,Caitrin,Tolumello,ctolumelloh0@accuweather.com,513-729-9277,2005-04-21,G
614,Bill,Crannage,bcrannageh1@xing.com,710-946-0740,1982-01-03,S
615,Ferdie,Klassman,fklassmanh2@boston.com,603-205-3458,1979-12-03,G
616,Gabe,des Remedios,gdesremediosh3@ask.com,631-475-3473,1961-09-28,S
617,Kikelia,Frow,kfrowh4@1und1.de,479-998-6504,1993-08-16,G
618,Annecorinne,Havard,ahavardh5@adobe.com,967-802-2767,1971-01-02,S
619,Pascale,Bloodworthe,pbloodwortheh6@hatena.ne.jp,411-619-4964,1988-04-11,G
620,Murry,Farquharson,mfarquharsonh7@cdc.gov,933-279-5668,1964-01-04,B
621,Jeffry,Whitlaw,jwhitlawh8@parallels.com,396-376-5716,1965-11-24,G
622,Irita,Pinchin,ipinchinh9@nifty.com,436-675-3273,1986-10-31,S
623,Marita,Cambridge,mcambridgeha@joomla.org,864-921-2765,1975-09-09,S
624,Westleigh,Menpes,wmenpeshb@ebay.co.uk,560-356-9693,1996-09-03,G
625,Gay,Brokenshire,gbrokenshirehc@multiply.com,567-342-0443,1981-12-05,S
626,Orsa,Esilmon,oesilmonhd@yellowbook.com,858-597-6368,1995-02-09,G
627,Adriaens,Walch,awalchhe@mysql.com,735-902-9112,1988-05-08,B
628,Nancie,Paolozzi,npaolozzihf@biglobe.ne.jp,385-559-3845,1965-02-22,S
629,Davey,Yegorovnin,dyegorovninhg@narod.ru,622-394-2498,1982-11-10,S
630,Engracia,Benian,ebenianhh@cnet.com,538-549-5734,1970-12-29,S
631,Jamima,Rough,jroughhi@ftc.gov,246-418-3509,2005-03-01,S
632,Des,Crowther,dcrowtherhj@ask.com,480-587-7882,1994-12-15,G
633,Kellby,Cattrall,kcattrallhk@narod.ru,754-336-6690,1983-07-04,B
634,Kathryn,Trayling,ktraylinghl@army.mil,577-208-2963,1986-01-10,B
635,Adolf,Linbohm,alinbohmhm@freewebs.com,596-273-7204,1975-04-14,S
636,Kaja,Lemme,klemmehn@redcross.org,627-606-5949,2002-07-16,S
637,Carlyle,Gritland,cgritlandho@toplist.cz,398-344-3755,1999-05-31,G
638,Virge,Presnall,vpresnallhp@redcross.org,442-739-5166,1969-04-16,G
639,Mikol,Hambric,mhambrichq@sciencedirect.com,938-766-2314,1970-04-10,S
640,Jania,Tomblings,jtomblingshr@fastcompany.com,948-840-7200,1997-08-02,S
641,Rolf,Foresight,rforesighths@businesswire.com,148-156-1433,1962-06-30,G
642,Pete,Mithan,pmithanht@pinterest.com,529-893-5018,1971-07-10,G
643,Erminie,Jersch,ejerschhu@gizmodo.com,136-617-9560,1985-05-04,G
644,Jorie,Whitters,jwhittershv@imgur.com,154-573-5104,1989-01-23,B
645,Kinnie,Bloodworthe,kbloodworthehw@ucsd.edu,496-535-1453,1998-01-11,B
646,Penrod,Waring,pwaringhx@deviantart.com,892-354-2191,1975-10-06,B
647,Denice,Farrans,dfarranshy@privacy.gov.au,271-402-2298,1990-01-18,S
648,Ossie,Scotchford,oscotchfordhz@miibeian.gov.cn,337-479-2811,1987-08-28,S
649,Maurizia,Brandsen,mbrandseni0@slashdot.org,909-838-9605,1993-04-14,S
650,Jeni,Cordelle,jcordellei1@printfriendly.com,321-270-8033,1992-10-25,B
651,Burtie,Treharne,btreharnei2@hhs.gov,927-254-7722,1994-08-11,B
652,Peta,Cumine,pcuminei3@yahoo.co.jp,530-544-1809,1996-02-26,B
653,Luis,Kezourec,lkezoureci4@timesonline.co.uk,851-200-1238,1964-06-15,B
654,Tony,Camier,tcamieri5@liveinternet.ru,853-936-5148,1976-11-04,G
655,Loise,Gartsyde,lgartsydei6@webs.com,158-869-4900,2002-07-21,S
656,Lisetta,Laughlan,llaughlani7@nba.com,409-881-9764,1986-03-15,G
657,Chery,Bendall,cbendalli8@furl.net,602-374-7878,1993-01-14,G
658,Mora,Beig,mbeigi9@earthlink.net,340-750-5136,1963-07-21,B
659,Daven,Swainsbury,dswainsburyia@delicious.com,670-407-8093,1991-09-13,B
660,Elia,Porson,eporsonib@ow.ly,707-184-6664,1983-03-09,G
661,Laetitia,Preist,lpreistic@printfriendly.com,458-415-9174,1994-04-07,S
662,Phyllys,Cocks,pcocksid@mit.edu,880-521-1673,1993-09-15,G
663,Sybila,Odell,sodellie@twitter.com,837-881-9907,2001-05-09,S
664,Susannah,Ellissen,sellissenif@oracle.com,871-827-0329,1973-11-17,B
665,Cookie,Gownge,cgowngeig@a8.net,512-226-4657,2002-09-13,B
666,Nickolas,Coopey,ncoopeyih@elegantthemes.com,666-989-8105,1964-02-04,B
667,Hewe,Sindall,hsindallii@goodreads.com,924-317-5993,2000-06-22,B
668,Augusta,Pitkins,apitkinsij@wired.com,437-645-5726,1961-07-01,G
669,Loise,Owers,lowersik@google.com.br,246-441-2160,2003-10-02,S
670,Pavel,Dedney,pdedneyil@intel.com,993-463-6939,1991-12-28,G
671,Alane,Gowthorpe,agowthorpeim@oracle.com,336-310-9565,1995-11-30,S
672,Sibyl,Taudevin,staudevinin@techcrunch.com,367-300-8450,1963-09-26,G
673,Ossie,Lumber,olumberio@globo.com,934-960-7032,2005-06-10,G
674,Pauly,Meeron,pmeeronip@wired.com,678-686-1383,1993-09-06,B
675,Ag,Bedminster,abedminsteriq@dedecms.com,385-941-4269,1972-06-01,S
676,Ramsey,Grason,rgrasonir@paginegialle.it,759-460-8168,1991-11-25,B
677,Hedy,Oiller,hoilleris@cbc.ca,274-947-1789,1962-06-15,G
678,Greg,Carstairs,gcarstairsit@state.gov,435-540-6013,1990-06-22,G
679,Sammy,Waldocke,swaldockeiu@ebay.co.uk,234-154-6193,1990-10-13,B
680,Siana,McKeachie,smckeachieiv@ezinearticles.com,368-550-0907,2004-03-28,B
681,Chrysa,Greatrex,cgreatrexiw@spiegel.de,403-161-0995,2002-09-15,S
682,Bev,Menichillo,bmenichilloix@baidu.com,512-551-8390,1964-04-04,G
683,Bertie,Drewe,bdreweiy@thetimes.co.uk,928-654-8264,1991-06-22,S
684,Eve,Ounsworth,eounsworthiz@bbc.co.uk,341-191-5911,2003-11-13,S
685,Wilie,Lightfoot,wlightfootj0@quantcast.com,659-753-3725,1961-12-02,S
686,Cass,Huddles,chuddlesj1@theglobeandmail.com,534-100-6312,2003-04-21,S
687,Brena,Hegden,bhegdenj2@vk.com,119-885-2294,2003-07-10,B
688,Lorine,Hulse,lhulsej3@rambler.ru,173-640-0551,1999-09-23,S
689,Cecilla,Mallard,cmallardj4@plala.or.jp,294-738-4451,2004-09-06,S
690,Bartholomeus,Edinborough,bedinboroughj5@imageshack.us,491-799-4633,1962-11-07,S
691,Charyl,Keattch,ckeattchj6@ucla.edu,986-529-3110,1977-11-30,B
692,Brooks,Rochell,brochellj7@networksolutions.com,529-304-0638,1970-08-23,G
693,Annelise,Cowie,acowiej8@1688.com,175-892-7365,1973-05-26,G
694,Sada,McVittie,smcvittiej9@npr.org,172-813-7232,1977-10-18,S
695,Kellen,Pitney,kpitneyja@epa.gov,682-675-4211,1993-07-20,G
696,David,Barsam,dbarsamjb@google.co.jp,654-206-5882,1999-10-10,B
697,Valene,Nend,vnendjc@apple.com,192-691-3014,1974-09-13,B
698,Danika,Deignan,ddeignanjd@prweb.com,171-120-3059,1968-12-02,G
699,Lefty,Colkett,lcolkettje@twitpic.com,765-643-2705,1984-06-06,S
700,Quinn,Dmitrievski,qdmitrievskijf@prlog.org,716-140-2906,1981-12-25,S
701,Jenn,Laycock,jlaycockjg@webeden.co.uk,229-933-0415,1989-07-23,B
702,Sol,France,sfrancejh@uiuc.edu,283-113-0559,1964-03-06,B
703,Currey,Hinchcliffe,chinchcliffeji@reuters.com,553-409-8511,1988-02-22,S
704,Bonita,Trass,btrassjj@studiopress.com,604-860-0565,1986-11-21,S
705,Cooper,Lundberg,clundbergjk@skype.com,418-196-0475,1966-01-28,B
706,Marco,Laugheran,mlaugheranjl@privacy.gov.au,595-151-1121,1972-09-16,S
707,Staffard,Gonnard,sgonnardjm@bluehost.com,997-756-0004,1995-03-16,B
708,Gracie,Breakwell,gbreakwelljn@gnu.org,290-625-3240,1999-02-19,S
709,Ruggiero,Pittham,rpitthamjo@parallels.com,232-904-2933,1979-02-27,B
710,Gayle,Champerlen,gchamperlenjp@blogspot.com,201-691-9667,1995-01-09,G
711,Irwin,Caygill,icaygilljq@fotki.com,396-749-5467,1983-07-03,B
712,Salomi,Klemensiewicz,sklemensiewiczjr@nasa.gov,748-235-6410,2002-03-14,G
713,Wait,Dunbobin,wdunbobinjs@nba.com,824-709-4960,1966-11-21,B
714,Susann,Kimble,skimblejt@nsw.gov.au,546-117-2908,1990-09-03,G
715,Leonelle,Frogley,lfrogleyju@rediff.com,571-683-8728,1999-04-23,G
716,Estrella,Matiashvili,ematiashvilijv@wisc.edu,524-649-2666,1970-01-20,B
717,Wood,Thomerson,wthomersonjw@time.com,697-472-2078,2003-04-04,S
718,Townie,Skillern,tskillernjx@illinois.edu,890-779-5191,1994-02-21,B
719,Gayle,Kelshaw,gkelshawjy@amazonaws.com,572-745-4060,1980-08-25,G
720,Alexina,Glowacz,aglowaczjz@amazon.de,312-359-3109,2004-10-31,G
721,Elicia,Brake,ebrakek0@dion.ne.jp,440-591-1840,1993-08-21,B
722,Benni,Normanvill,bnormanvillk1@weather.com,572-778-6906,2003-07-13,G
723,Alexandro,Shwalbe,ashwalbek2@cmu.edu,562-205-2293,1997-09-29,S
724,Cross,Garnul,cgarnulk3@princeton.edu,555-223-3102,1972-09-02,S
725,Gaylor,Dillaway,gdillawayk4@tamu.edu,689-167-0899,2002-10-05,S
726,Fayette,Wharton,fwhartonk5@cnn.com,639-299-3717,2004-02-25,G
727,Carlyn,Mossdale,cmossdalek6@issuu.com,148-722-3252,2000-12-06,G
728,Adelbert,Morrel,amorrelk7@soup.io,773-704-1339,1965-10-12,G
729,Konstanze,Pithie,kpithiek8@rambler.ru,635-331-9858,2001-09-09,S
730,Bonnie,Dripp,bdrippk9@google.com,837-299-2823,1963-10-06,B
731,Ellyn,Scrivin,escrivinka@prlog.org,358-207-4720,2004-08-15,G
732,Gianina,Domenichelli,gdomenichellikb@blogspot.com,454-240-1574,1970-10-24,S
733,Filberte,McCrackan,fmccrackankc@craigslist.org,258-440-7846,1960-12-28,B
734,Hayward,Hakonsson,hhakonssonkd@flavors.me,418-617-4230,1967-08-14,S
735,Lira,Lummasana,llummasanake@princeton.edu,540-535-3976,1962-03-28,G
736,Hazel,Judson,hjudsonkf@gov.uk,218-239-5117,1967-08-27,S
737,Hubert,Feldbrin,hfeldbrinkg@goo.ne.jp,500-991-6477,1961-08-12,S
738,Pryce,Sobieski,psobieskikh@marketwatch.com,391-932-3717,1983-05-24,G
739,Wendye,Emeline,wemelineki@purevolume.com,879-521-5668,1975-03-24,G
740,Erny,Pardey,epardeykj@home.pl,793-447-8115,1979-01-27,S
741,Karie,Ingleston,kinglestonkk@123-reg.co.uk,270-969-0071,1967-01-25,S
742,Ricardo,Spinage,rspinagekl@microsoft.com,179-211-8909,1987-06-10,S
743,Merissa,Nucci,mnuccikm@redcross.org,308-792-4909,1995-05-03,B
744,Debbi,Gabbitis,dgabbitiskn@unblog.fr,676-282-0515,2005-04-09,G
745,Odelia,Smallpeace,osmallpeaceko@wired.com,768-157-6433,1993-05-02,B
746,Jo ann,Ronald,jronaldkp@hugedomains.com,154-920-4526,1980-03-22,G
747,Janette,Macak,jmacakkq@shinystat.com,945-983-2416,1970-07-31,B
748,Kristal,Esseby,kessebykr@yellowbook.com,531-132-5197,1982-01-22,S
749,Kienan,Priestnall,kpriestnallks@booking.com,399-966-4328,1977-09-18,B
750,Gay,Mosconi,gmosconikt@telegraph.co.uk,645-873-2099,1991-03-09,G
751,Patsy,Jancik,pjancikku@un.org,208-669-3525,2000-10-26,G
752,Dorey,Gettone,dgettonekv@macromedia.com,726-465-1258,1995-07-09,S
753,Myer,Byrde,mbyrdekw@taobao.com,396-406-3192,2001-08-26,S
754,Aretha,Pinkerton,apinkertonkx@usda.gov,933-233-2396,2000-05-24,B
755,Andie,Stollhofer,astollhoferky@hhs.gov,859-174-4385,1980-04-02,S
756,Debera,Redholls,dredhollskz@privacy.gov.au,125-232-3296,1980-06-09,G
757,Hyacintha,Feaks,hfeaksl0@google.com.br,879-901-8304,1985-02-08,S
758,Damaris,Frenzl,dfrenzll1@yellowbook.com,992-555-9839,1970-04-14,S
759,Robert,Girling,rgirlingl2@un.org,429-368-7106,1980-09-08,G
760,Ronnie,Beedle,rbeedlel3@blogs.com,327-141-3878,1987-12-30,S
761,Leda,Farndale,lfarndalel4@sitemeter.com,401-424-9908,1984-03-09,S
762,Raymond,Egle of Germany,regleofgermanyl5@nyu.edu,521-562-1130,1995-09-07,G
763,Esme,Laurens,elaurensl6@google.com.au,693-512-7392,1966-06-04,S
764,Maximilien,Goering,mgoeringl7@last.fm,101-933-4813,1986-08-09,G
765,Kirsti,Sidworth,ksidworthl8@bluehost.com,156-571-8217,1969-09-24,G
766,Darcy,Lowen,dlowenl9@wsj.com,302-927-1308,2002-06-26,S
767,Jacquetta,Trye,jtryela@seesaa.net,827-877-5964,2002-01-17,G
768,Dodie,Cormode,dcormodelb@tinypic.com,307-692-6386,1988-11-28,G
769,Hillary,Mosedill,hmosedilllc@spiegel.de,838-956-9103,1995-01-03,G
770,Brodie,Mulgrew,bmulgrewld@epa.gov,524-642-0762,1970-06-17,G
771,Horatius,Irvin,hirvinle@yolasite.com,210-777-7659,1998-04-19,G
772,Simone,Burgill,sburgilllf@unc.edu,411-371-7460,1993-04-21,G
773,Leelah,McComb,lmccomblg@spotify.com,228-549-1263,2002-11-25,S
774,Francklin,Darragon,fdarragonlh@meetup.com,708-479-2870,1999-05-09,B
775,Martita,Pledge,mpledgeli@wordpress.com,438-981-7322,1977-06-30,B
776,Jsandye,Kubczak,jkubczaklj@gmpg.org,593-615-1273,1993-11-23,G
777,Boycey,Standbridge,bstandbridgelk@infoseek.co.jp,906-275-8980,1998-08-29,S
778,Rutledge,Warre,rwarrell@goodreads.com,803-488-2309,2003-02-11,S
779,Sue,St Clair,sstclairlm@discuz.net,772-974-2097,1971-05-06,B
780,Agace,Discombe,adiscombeln@weather.com,828-119-7303,1966-02-12,S
781,Keene,Wykes,kwykeslo@about.me,968-264-9365,1979-12-01,G
782,Trista,Calley,tcalleylp@eventbrite.com,384-362-0925,1966-07-16,B
783,Ardith,Lowerson,alowersonlq@storify.com,696-586-8772,1985-07-08,B
784,Faustine,Kenrat,fkenratlr@smugmug.com,235-531-5299,1980-06-17,B
785,Georgena,Mohammed,gmohammedls@seesaa.net,763-843-8107,1991-09-03,G
786,Bruis,Bryett,bbryettlt@tmall.com,725-536-4182,1961-04-08,B
787,Herminia,Arnopp,harnopplu@youku.com,823-709-8556,1989-02-08,B
788,Mason,Radsdale,mradsdalelv@timesonline.co.uk,202-540-5096,1989-06-08,G
789,Walsh,MacGraith,wmacgraithlw@yahoo.com,871-900-9655,1991-10-10,G
790,Tyrone,Pearton,tpeartonlx@bloomberg.com,596-251-2451,1986-05-27,S
791,Biron,Stang-Gjertsen,bstanggjertsenly@cbslocal.com,592-233-8163,1977-07-16,S
792,Sindee,Magrannell,smagrannelllz@tamu.edu,580-558-2530,2000-09-24,B
793,Mala,Cottel,mcottelm0@histats.com,652-262-1233,1964-09-24,B
794,Gage,Grinin,ggrininm1@go.com,204-292-3897,1976-12-11,B
795,Tim,Le Claire,tleclairem2@forbes.com,259-268-8519,1987-05-01,S
796,Britt,Isacoff,bisacoffm3@goo.gl,359-323-6198,1986-10-16,B
797,Anneliese,Hender,ahenderm4@aol.com,510-931-8950,1982-11-20,B
798,Bertine,Sallter,bsallterm5@t-online.de,127-663-7708,1975-08-03,S
799,Danila,Hallor,dhallorm6@cbsnews.com,868-649-5695,1973-10-04,B
800,Boris,Costard,bcostardm7@vimeo.com,967-608-3371,1998-12-27,G
801,Dukie,Jeratt,djerattm8@pinterest.com,823-354-1231,1973-10-03,G
802,Edsel,Rainbird,erainbirdm9@php.net,724-488-9364,1988-07-12,G
803,Sibeal,Ollis,sollisma@livejournal.com,914-658-7740,1992-07-18,B
804,Merrili,Lansdowne,mlansdownemb@weather.com,108-886-5584,1986-12-28,B
805,Ingeborg,Seaborne,iseabornemc@mac.com,811-657-3531,1963-08-17,S
806,Quincey,Oleszcuk,qoleszcukmd@homestead.com,366-470-4752,1974-01-22,S
807,Dolli,Wegner,dwegnerme@craigslist.org,314-942-0749,1967-08-25,G
808,Marita,Kochl,mkochlmf@reverbnation.com,313-109-7406,2003-10-12,G
809,Harli,Jaycox,hjaycoxmg@columbia.edu,652-735-1712,1985-03-20,S
810,Napoleon,Huckerbe,nhuckerbemh@unblog.fr,282-983-2625,1984-10-08,B
811,Joann,Stuchberry,jstuchberrymi@virginia.edu,999-668-5562,1972-12-22,S
812,Ody,Arnholtz,oarnholtzmj@altervista.org,175-234-6463,1967-10-08,B
813,Karrie,Purselowe,kpurselowemk@blogs.com,889-452-6247,1995-01-27,S
814,Marlo,Crampin,mcrampinml@bbb.org,535-195-3459,1976-02-07,S
815,Agathe,Crotty,acrottymm@over-blog.com,147-317-0108,1968-01-14,G
816,Clay,Murray,cmurraymn@vinaora.com,360-883-8183,1983-12-01,S
817,Caleb,Woltman,cwoltmanmo@hexun.com,518-137-7061,1992-11-07,G
818,Cole,Iston,cistonmp@trellian.com,895-253-3052,1978-11-15,B
819,Maxie,Westwood,mwestwoodmq@stanford.edu,360-859-9002,1976-05-12,B
820,Biron,Langeley,blangeleymr@gnu.org,682-464-3825,1993-11-19,B
821,Cordy,Caberas,ccaberasms@topsy.com,899-915-6972,1980-04-07,S
822,Dyane,Trigg,dtriggmt@t.co,980-518-1988,1997-12-05,S
823,Eryn,Cunliffe,ecunliffemu@businesswire.com,687-928-7056,1996-10-22,S
824,Mareah,Farrer,mfarrermv@google.pl,384-778-9457,1987-07-11,S
825,Diane,Nuss,dnussmw@trellian.com,101-697-6402,1984-06-11,B
826,Tildi,Bogays,tbogaysmx@hp.com,733-851-0415,1990-07-28,G
827,Arney,Sorrie,asorriemy@mac.com,424-797-0433,1981-11-22,B
828,Cad,Wyllie,cwylliemz@over-blog.com,120-690-7382,1970-01-12,S
829,Patrice,Dixie,pdixien0@creativecommons.org,915-739-6854,1966-02-25,B
830,Linus,Orme,lormen1@house.gov,222-785-6867,1986-08-16,G
831,Britt,Skyrme,bskyrmen2@paginegialle.it,185-106-3256,2001-10-30,G
832,Melisa,Wadmore,mwadmoren3@ucoz.com,456-150-3962,1973-05-08,B
833,Gilli,Exall,gexalln4@booking.com,829-124-2372,1982-01-24,G
834,Pier,Birkenhead,pbirkenheadn5@princeton.edu,655-580-2414,1997-09-11,S
835,Adda,Freeland,afreelandn6@cdc.gov,858-456-3009,1974-12-27,S
836,Abelard,Itzkovich,aitzkovichn7@army.mil,311-156-4399,1983-11-24,S
837,Lu,Dax,ldaxn8@lulu.com,791-880-2025,1968-05-08,G
838,Marci,Speddin,mspeddinn9@over-blog.com,526-913-9484,2001-03-30,S
839,Andreana,Cleife,acleifena@behance.net,582-977-4528,1974-08-11,G
840,Coraline,Landall,clandallnb@bloomberg.com,521-865-8158,2004-03-15,G
841,Lura,Click,lclicknc@webmd.com,113-788-9267,1995-06-12,S
842,Niki,Rouchy,nrouchynd@usatoday.com,208-177-3322,1974-08-04,S
843,Alfons,Shipp,ashippne@mashable.com,309-710-8801,1988-06-03,B
844,Mabel,Hupka,mhupkanf@exblog.jp,710-661-5773,1976-07-29,G
845,Sutherland,Berens,sberensng@hubpages.com,575-745-1021,1987-09-21,G
846,Arny,Akrigg,aakriggnh@auda.org.au,789-292-4885,1976-04-18,S
847,Lorraine,While,lwhileni@ucla.edu,318-410-5597,1975-05-15,S
848,Juline,Allworthy,jallworthynj@omniture.com,792-324-2376,1979-01-21,G
849,Arlyn,Petracci,apetraccink@auda.org.au,798-257-2419,2005-12-26,S
850,Whit,Cakes,wcakesnl@yale.edu,152-376-8070,1999-09-14,S
851,Farr,Semon,fsemonnm@yandex.ru,547-170-1057,2004-10-14,B
852,Rubie,Spenceley,rspenceleynn@usda.gov,588-412-0899,2001-01-09,G
853,Johanna,Pottery,jpotteryno@friendfeed.com,898-769-6655,1999-08-08,G
854,Mechelle,Dockrill,mdockrillnp@google.co.uk,186-102-5170,1963-04-16,B
855,Martie,Edes,medesnq@dmoz.org,456-815-9818,1977-09-26,S
856,Hunter,Wikey,hwikeynr@histats.com,364-885-6784,1978-12-01,G
857,Kora,Housam,khousamns@irs.gov,337-102-5494,1995-02-10,S
858,Petronilla,Siege,psiegent@harvard.edu,816-712-5958,1978-05-15,B
859,Justinian,Phettis,jphettisnu@globo.com,683-590-9755,1976-12-03,S
860,Bunny,Hoodlass,bhoodlassnv@huffingtonpost.com,156-285-1827,1973-04-19,B
861,Budd,Tzarkov,btzarkovnw@narod.ru,135-418-6156,1978-11-25,B
862,Rockie,Pasek,rpaseknx@moonfruit.com,771-952-4015,1966-05-15,B
863,Culley,Reveland,crevelandny@sun.com,950-387-1028,1974-09-15,S
864,Langston,Minty,lmintynz@booking.com,533-403-4869,1963-05-20,G
865,Dela,Batson,dbatsono0@discovery.com,283-978-1781,1976-12-11,G
866,Conchita,Dunwoody,cdunwoodyo1@soup.io,221-386-5470,1970-05-28,G
867,Ibbie,Lowres,ilowreso2@unicef.org,384-441-7446,1989-06-11,S
868,Bay,Brozsset,bbrozsseto3@usgs.gov,419-922-1979,1971-03-27,S
869,Gregorio,Duplan,gduplano4@china.com.cn,495-622-4952,1988-12-14,G
870,Martie,Conti,mcontio5@ihg.com,851-728-9676,1963-10-29,S
871,Marrissa,Backman,mbackmano6@sina.com.cn,502-680-3787,1998-09-11,G
872,Hinze,Ruspine,hruspineo7@nifty.com,869-484-3753,2005-03-22,S
873,Jeth,Merton,jmertono8@nba.com,454-688-1310,1973-11-01,B
874,Rae,Pengilley,rpengilleyo9@who.int,861-998-7835,1981-06-22,S
875,Cathrine,Heales,chealesoa@blogtalkradio.com,190-333-4265,1997-03-03,S
876,Kendell,Creaven,kcreavenob@twitter.com,780-380-6372,1991-10-11,G
877,Laetitia,Stalf,lstalfoc@eepurl.com,342-837-7807,1979-08-13,G
878,Chase,Jolland,cjollandod@cisco.com,707-334-1868,1998-06-12,B
879,Helli,Robertson,hrobertsonoe@example.com,563-939-3807,1960-11-08,G
880,Madlin,Gatenby,mgatenbyof@exblog.jp,778-507-0367,1987-01-19,S
881,Ginevra,Checcucci,gcheccucciog@bloomberg.com,292-568-6791,1964-06-10,G
882,Mikael,Giovanetti,mgiovanettioh@intel.com,876-571-4368,1988-07-17,B
883,Alejandra,Carefull,acarefulloi@latimes.com,103-702-1875,1963-08-20,S
884,Allister,Snoddin,asnoddinoj@alexa.com,704-642-1248,1991-05-23,G
885,Tremain,Aphale,taphaleok@spiegel.de,825-377-9657,1985-04-20,G
886,Dalli,Fishpoole,dfishpooleol@diigo.com,734-134-1735,1975-10-22,S
887,Lauralee,Reddihough,lreddihoughom@marketwatch.com,281-508-7006,1966-03-07,S
888,Arabela,Garry,agarryon@naver.com,484-575-4199,2004-06-09,B
889,Ricca,Bazelle,rbazelleoo@ihg.com,691-312-0913,1985-06-20,B
890,Maurise,Exelby,mexelbyop@blogtalkradio.com,710-619-7095,1968-04-09,S
891,Karissa,Lyard,klyardoq@ezinearticles.com,733-315-2268,1978-01-11,G
892,Syd,Snyder,ssnyderor@wsj.com,224-877-5411,1983-08-26,S
893,Charlton,Skinley,cskinleyos@upenn.edu,319-679-4780,1965-10-11,S
894,Olenka,Rickword,orickwordot@is.gd,156-986-0594,1990-03-25,G
895,Edlin,Epton,eeptonou@reddit.com,819-332-6641,1995-07-19,B
896,Jacquenette,Jaouen,jjaouenov@tumblr.com,761-904-6701,1968-03-19,G
897,Ody,Marjoram,omarjoramow@geocities.com,791-739-9752,1999-12-27,G
898,Reilly,Skehens,rskehensox@livejournal.com,415-109-4094,1989-11-28,B
899,Bone,Anstice,bansticeoy@craigslist.org,863-131-9763,1984-10-27,B
900,Alanna,Caldero,acalderooz@icio.us,548-527-2526,1978-05-07,G
901,Dasya,Flieger,dfliegerp0@geocities.com,376-475-3519,1988-07-09,S
902,Kerry,Frisby,kfrisbyp1@hostgator.com,955-267-9174,1993-11-11,B
903,Urban,Quinton,uquintonp2@fda.gov,940-707-3802,1980-05-03,B
904,Diena,Prest,dprestp3@arstechnica.com,122-280-3236,2005-02-01,S
905,Renado,Grcic,rgrcicp4@xrea.com,575-485-3685,1984-11-29,S
906,Marcellina,Trousdell,mtrousdellp5@latimes.com,333-614-3968,1992-03-15,B
907,Darrick,Dodle,ddodlep6@diigo.com,464-652-4221,1963-03-17,S
908,Hube,Berzon,hberzonp7@wired.com,263-137-1657,1972-11-12,G
909,Sib,Horsted,shorstedp8@etsy.com,509-505-2323,1972-03-19,G
910,Yoshiko,Teulier,yteulierp9@w3.org,727-539-2486,1998-12-24,G
911,Chick,Gages,cgagespa@amazon.co.jp,512-366-6087,1990-03-27,S
912,Moss,Stoke,mstokepb@webeden.co.uk,649-914-9167,1983-11-04,S
913,Staford,Aliman,salimanpc@naver.com,602-850-4180,1972-08-15,S
914,Ula,Dast,udastpd@eventbrite.com,849-366-5226,1964-08-20,B
915,Saunder,Danels,sdanelspe@adobe.com,994-751-6223,1989-02-07,S
916,Rocky,Antonowicz,rantonowiczpf@dell.com,295-534-1621,2000-08-21,S
917,Magdalene,Baalham,mbaalhampg@flavors.me,217-961-9445,1976-08-20,S
918,Raul,Hargey,rhargeyph@hatena.ne.jp,919-837-1102,1988-10-12,S
919,Curran,Haliday,chalidaypi@prlog.org,146-436-7500,2001-09-27,G
920,Mirabella,Lune,mlunepj@360.cn,137-909-6203,1969-06-24,S
921,Kendal,Geddes,kgeddespk@canalblog.com,669-575-4737,1996-09-03,G
922,Allyn,Stoll,astollpl@utexas.edu,920-945-6291,1986-09-07,B
923,Kaitlin,Shannahan,kshannahanpm@sun.com,126-480-7405,1964-10-13,S
924,Joya,Yuryshev,jyuryshevpn@trellian.com,552-753-2891,2004-01-30,G
925,Natasha,Lillow,nlillowpo@mit.edu,301-359-3316,2004-09-20,S
926,Shae,Newcom,snewcompp@1und1.de,757-629-3435,2002-05-01,S
927,Massimo,Hesbrook,mhesbrookpq@cornell.edu,671-284-3079,1977-05-16,B
928,Tersina,Parley,tparleypr@fc2.com,126-944-9360,1965-05-26,B
929,Jeff,MacIlwrick,jmacilwrickps@i2i.jp,408-287-4911,1971-07-26,G
930,Connor,Mathelon,cmathelonpt@ask.com,979-594-8318,1978-08-26,B
931,Marigold,Ravilious,mraviliouspu@deliciousdays.com,448-940-5499,1993-09-28,S
932,Burr,Muldoon,bmuldoonpv@uiuc.edu,599-832-1442,1995-07-01,S
933,Noreen,Rampley,nrampleypw@admin.ch,706-963-7659,1982-06-08,G
934,Olvan,Cheves,ochevespx@yelp.com,903-848-4626,1977-07-29,G
935,Stephani,Fayre,sfayrepy@infoseek.co.jp,864-560-8478,1993-01-30,S
936,Zsa zsa,Willerstone,zwillerstonepz@dyndns.org,694-329-3047,1993-08-25,S
937,Dorotea,Gott,dgottq0@liveinternet.ru,242-869-1614,1972-08-09,S
938,Mord,Grisdale,mgrisdaleq1@yellowpages.com,969-778-2678,1989-06-15,S
939,Vivianna,Ferraro,vferraroq2@usatoday.com,409-468-1882,1972-07-27,S
940,Granny,Perigo,gperigoq3@sogou.com,421-308-5080,1969-12-17,B
941,Gertrude,Guinnane,gguinnaneq4@about.me,865-864-9173,1974-12-14,S
942,Kennedy,Chavrin,kchavrinq5@csmonitor.com,521-252-8234,2006-06-10,S
943,Kelsey,Schwant,kschwantq6@army.mil,356-907-8687,1999-07-04,G
944,Cynthie,Giacopini,cgiacopiniq7@reference.com,220-480-0050,2004-02-24,S
945,Cordelia,Rathbourne,crathbourneq8@hao123.com,504-711-2838,1984-12-10,B
946,Edan,Laurent,elaurentq9@apple.com,143-589-1896,1964-06-03,S
947,Mordy,Figliovanni,mfigliovanniqa@xinhuanet.com,370-634-6245,1980-04-29,S
948,Merrily,Swane,mswaneqb@instagram.com,726-491-5079,2004-02-19,S
949,Sascha,Willard,swillardqc@skyrock.com,652-212-0566,1961-04-01,G
950,Benjy,Trueman,btruemanqd@globo.com,475-949-8776,1968-11-12,B
951,Janith,Yellowlea,jyellowleaqe@sbwire.com,925-756-2061,1990-01-02,G
952,Gussie,Gehrtz,ggehrtzqf@soundcloud.com,394-350-0305,1999-01-20,G
953,Jessalin,Flecknell,jflecknellqg@spotify.com,101-870-5388,2002-07-17,G
954,Cloe,McGoldrick,cmcgoldrickqh@biglobe.ne.jp,325-743-1978,1976-10-19,B
955,Siana,Stanyan,sstanyanqi@wikipedia.org,618-697-5909,1975-09-22,S
956,Kirby,Child,kchildqj@domainmarket.com,465-657-9761,1992-02-22,B
957,Haskel,Luker,hlukerqk@angelfire.com,432-782-6449,1964-08-06,S
958,Inness,Meffan,imeffanql@blog.com,974-128-3624,1988-11-17,B
959,Stoddard,Dormer,sdormerqm@cnbc.com,593-907-6370,1962-11-07,G
960,Zedekiah,Gretton,zgrettonqn@arstechnica.com,944-904-7998,2006-01-04,B
961,Isacco,Pennuzzi,ipennuzziqo@adobe.com,564-910-9197,1974-12-18,B
962,Araldo,Valerius,avaleriusqp@engadget.com,127-383-4703,1992-01-21,S
963,Haily,Allsworth,hallsworthqq@amazon.com,695-677-9153,1986-03-21,G
964,Jerrilyn,Reding,jredingqr@wired.com,203-599-1495,1989-06-20,B
965,Titos,Guilbert,tguilbertqs@w3.org,643-777-3705,2000-09-28,B
966,Geri,Boothebie,gboothebieqt@stumbleupon.com,674-171-7687,1984-08-24,G
967,Cesar,Entwistle,centwistlequ@barnesandnoble.com,470-928-3271,1983-08-27,G
968,Ivar,McVicker,imcvickerqv@nasa.gov,660-152-2996,1976-11-11,G
969,Neysa,Mapam,nmapamqw@sitemeter.com,676-919-2904,1977-03-31,G
970,Stella,Trevarthen,strevarthenqx@archive.org,898-396-0726,1994-03-04,G
971,Florenza,Nardoni,fnardoniqy@dell.com,944-139-5213,1974-12-06,S
972,Lazarus,Anster,lansterqz@xing.com,200-906-5298,1966-12-23,B
973,Carmencita,Strippling,cstripplingr0@mail.ru,397-296-6989,1981-05-12,S
974,Nickolaus,Le Blond,nleblondr1@paginegialle.it,317-826-5659,1969-12-27,S
975,Aldridge,Balderstone,abalderstoner2@twitpic.com,279-127-7346,1988-01-31,B
976,Gratia,Glisane,gglisaner3@deliciousdays.com,503-571-4860,1960-12-29,G
977,Karolina,O'Hanley,kohanleyr4@spiegel.de,231-863-2157,1993-11-02,G
978,Vladimir,Valerius,vvaleriusr5@theatlantic.com,702-133-8063,1966-10-16,S
979,Sophey,Phinnis,sphinnisr6@bandcamp.com,518-542-4174,1961-01-26,B
980,Laughton,Bugdell,lbugdellr7@businessweek.com,712-864-2978,1996-02-25,S
981,Carolin,Quarles,cquarlesr8@webs.com,395-560-2113,2000-11-30,S
982,Derron,Brasner,dbrasnerr9@plala.or.jp,165-592-5582,1966-03-09,G
983,Charla,Keuntje,ckeuntjera@hao123.com,620-608-0321,2005-08-04,B
984,Gennie,Bailess,gbailessrb@bloglovin.com,603-993-7721,1984-03-30,S
985,Salaidh,Edmonson,sedmonsonrc@t.co,461-257-2860,2002-01-25,G
986,Ulrich,Greatorex,ugreatorexrd@skyrock.com,900-281-9107,2000-11-11,G
987,Barnaby,Follit,bfollitre@samsung.com,656-235-0551,1991-03-10,B
988,Vin,Chesher,vchesherrf@nyu.edu,891-138-1842,2004-02-15,B
989,Nichole,Pietz,npietzrg@guardian.co.uk,706-131-1791,1976-01-08,B
990,Esmaria,Grabban,egrabbanrh@w3.org,654-163-3090,1986-09-09,S
991,Constantine,Benzie,cbenzieri@ocn.ne.jp,582-766-5850,1992-02-24,G
992,Rhys,Quick,rquickrj@dropbox.com,135-761-9973,1978-12-29,G
993,Ware,Cobbe,wcobberk@shareasale.com,418-605-0320,1964-10-08,G
994,Chic,Doles,cdolesrl@skype.com,269-809-3890,1990-05-20,S
995,Teresina,Stirling,tstirlingrm@smh.com.au,666-609-1165,1996-07-23,G
996,Tymothy,Dimmack,tdimmackrn@yellowbook.com,924-160-3089,1996-03-13,G
997,Rosabel,Foxall,rfoxallro@apache.org,859-919-4612,1975-11-24,G
998,Asa,Smeal,asmealrp@ezinearticles.com,185-646-0989,1997-07-31,S
999,Anselm,Judkins,ajudkinsrq@trellian.com,581-449-6475,1986-01-25,B
1000,Raven,De la Feld,rdelafeldrr@uol.com.br,401-603-2711,2005-07-09,S
